Month,Station,Depth,DO,Salinity,Temperature,depth_m,is_bottom,Temp_surface,Strat_index,DO_class,is_summer,is_hypoxic,month_sin,month_cos,cluster
1,1,Bottom,8.47,32.87,12.9,,True,12.94,0.0399999999999991,Normoxic (>4),0,0,0.49999999999999994,0.8660254037844387,2
1,2,Bottom,8.5,32.94,13.16,,True,13.26,0.0999999999999996,Normoxic (>4),0,0,0.49999999999999994,0.8660254037844387,2
1,4,Bottom,9.49,32.8,12.5,,True,12.61,0.1099999999999994,Normoxic (>4),0,0,0.49999999999999994,0.8660254037844387,2
1,6,Bottom,9.32,32.68,11.39,,True,10.91,-0.4800000000000004,Normoxic (>4),0,0,0.49999999999999994,0.8660254037844387,2
1,7,Bottom,8.33,33.01,13.23,,True,13.35,0.1199999999999992,Normoxic (>4),0,0,0.49999999999999994,0.8660254037844387,2
1,13,Bottom,8.84,32.82,13.21,,True,13.04,-0.1700000000000017,Normoxic (>4),0,0,0.49999999999999994,0.8660254037844387,2
1,15,Bottom,8.35,32.65,13.09,,True,12.35,-0.7400000000000002,Normoxic (>4),0,0,0.49999999999999994,0.8660254037844387,2
1,17,Bottom,8.64,32.49,13.02,,True,12.35,-0.6699999999999999,Normoxic (>4),0,0,0.49999999999999994,0.8660254037844387,2
1,18,Bottom,7.81,32.35,13.06,,True,12.26,-0.8000000000000007,Normoxic (>4),0,0,0.49999999999999994,0.8660254037844387,2
1,19,Bottom,7.87,32.25,13.15,,True,12.65,-0.5,Normoxic (>4),0,0,0.49999999999999994,0.8660254037844387,2
1,20,Bottom,8.09,32.24,12.87,,True,12.57,-0.2999999999999989,Normoxic (>4),0,0,0.49999999999999994,0.8660254037844387,2
1,21,Bottom,8.41,32.05,12.57,,True,11.86,-0.7100000000000009,Normoxic (>4),0,0,0.49999999999999994,0.8660254037844387,2
1,24,Bottom,11.24,31.93,9.96,,True,10.2,0.2399999999999984,Normoxic (>4),0,0,0.49999999999999994,0.8660254037844387,2
1,33,Bottom,8.35,32.3,12.72,,True,12.35,-0.370000000000001,Normoxic (>4),0,0,0.49999999999999994,0.8660254037844387,2
1,34,Bottom,8.52,32.39,12.69,,True,11.86,-0.8300000000000001,Normoxic (>4),0,0,0.49999999999999994,0.8660254037844387,2
1,35,Bottom,8.69,32.56,11.8,,True,11.79,-0.0100000000000015,Normoxic (>4),0,0,0.49999999999999994,0.8660254037844387,2
1,36,Bottom,9.62,32.5,11.02,,True,10.71,-0.3099999999999987,Normoxic (>4),0,0,0.49999999999999994,0.8660254037844387,2
1,37,Bottom,10.34,32.36,10.78,,True,10.78,0.0,Normoxic (>4),0,0,0.49999999999999994,0.8660254037844387,2
1,38,Bottom,9.14,32.76,12.1,,True,11.83,-0.2699999999999996,Normoxic (>4),0,0,0.49999999999999994,0.8660254037844387,2
2,1,Bottom,9.53,33.09,11.58,,True,11.76,0.1799999999999997,Normoxic (>4),0,0,0.8660254037844386,0.5000000000000001,2
2,2,Bottom,9.23,33.09,11.63,,True,11.92,0.2899999999999991,Normoxic (>4),0,0,0.8660254037844386,0.5000000000000001,2
2,4,Bottom,9.74,32.97,11.22,,True,11.24,0.0199999999999995,Normoxic (>4),0,0,0.8660254037844386,0.5000000000000001,2
2,6,Bottom,10.02,32.67,9.82,,True,10.12,0.2999999999999989,Normoxic (>4),0,0,0.8660254037844386,0.5000000000000001,2
2,7,Bottom,8.84,33.19,11.82,,True,11.98,0.1600000000000001,Normoxic (>4),0,0,0.8660254037844386,0.5000000000000001,2
2,13,Bottom,9.09,33.06,11.9,,True,11.68,-0.2200000000000006,Normoxic (>4),0,0,0.8660254037844386,0.5000000000000001,2
2,15,Bottom,9.01,32.93,11.81,,True,11.68,-0.1300000000000007,Normoxic (>4),0,0,0.8660254037844386,0.5000000000000001,2
2,17,Bottom,9.22,32.7,11.67,,True,11.48,-0.1899999999999995,Normoxic (>4),0,0,0.8660254037844386,0.5000000000000001,2
2,18,Bottom,9.14,32.58,11.74,,True,11.37,-0.370000000000001,Normoxic (>4),0,0,0.8660254037844386,0.5000000000000001,2
2,19,Bottom,9.2,32.49,11.47,,True,11.59,0.1199999999999992,Normoxic (>4),0,0,0.8660254037844386,0.5000000000000001,2
2,20,Bottom,9.18,32.61,11.64,,True,11.19,-0.450000000000001,Normoxic (>4),0,0,0.8660254037844386,0.5000000000000001,2
2,21,Bottom,8.86,32.41,11.31,,True,11.37,0.0599999999999987,Normoxic (>4),0,0,0.8660254037844386,0.5000000000000001,2
2,24,Bottom,10.11,32.5,9.4,,True,9.42,0.0199999999999995,Normoxic (>4),0,0,0.8660254037844386,0.5000000000000001,2
2,33,Bottom,8.01,32.7,11.74,,True,11.36,-0.3800000000000008,Normoxic (>4),0,0,0.8660254037844386,0.5000000000000001,2
2,34,Bottom,9.34,32.69,11.47,,True,11.32,-0.1500000000000003,Normoxic (>4),0,0,0.8660254037844386,0.5000000000000001,2
2,35,Bottom,9.43,32.8,11.24,,True,11.3,0.0600000000000005,Normoxic (>4),0,0,0.8660254037844386,0.5000000000000001,2
2,36,Bottom,9.68,32.62,9.69,,True,9.81,0.120000000000001,Normoxic (>4),0,0,0.8660254037844386,0.5000000000000001,2
2,37,Bottom,9.83,32.44,9.54,,True,9.69,0.1500000000000003,Normoxic (>4),0,0,0.8660254037844386,0.5000000000000001,2
2,38,Bottom,9.63,32.83,10.72,,True,10.65,-0.0700000000000002,Normoxic (>4),0,0,0.8660254037844386,0.5000000000000001,2
3,1,Bottom,9.81,33.1,9.94,,True,10.02,0.08,Normoxic (>4),0,0,1.0,6.123233995736766e-17,2
3,2,Bottom,9.75,33.09,10.06,,True,10.22,0.1600000000000001,Normoxic (>4),0,0,1.0,6.123233995736766e-17,2
3,4,Bottom,9.66,32.9,9.89,,True,10.32,0.4299999999999997,Normoxic (>4),0,0,1.0,6.123233995736766e-17,2
3,6,Bottom,10.08,32.39,9.07,,True,9.12,0.0499999999999989,Normoxic (>4),0,0,1.0,6.123233995736766e-17,2
3,7,Bottom,10.2,33.18,10.1,,True,10.33,0.2300000000000004,Normoxic (>4),0,0,1.0,6.123233995736766e-17,2
3,13,Bottom,9.65,33.12,10.27,,True,10.45,0.1799999999999997,Normoxic (>4),0,0,1.0,6.123233995736766e-17,2
3,15,Bottom,9.1,32.87,10.26,,True,10.3,0.0400000000000009,Normoxic (>4),0,0,1.0,6.123233995736766e-17,2
3,17,Bottom,9.76,32.83,10.27,,True,10.24,-0.0299999999999993,Normoxic (>4),0,0,1.0,6.123233995736766e-17,2
3,18,Bottom,10.31,32.65,10.36,,True,10.21,-0.1499999999999985,Normoxic (>4),0,0,1.0,6.123233995736766e-17,2
3,19,Bottom,9.62,32.75,10.27,,True,10.5,0.2300000000000004,Normoxic (>4),0,0,1.0,6.123233995736766e-17,2
3,20,Bottom,9.66,32.79,10.28,,True,10.19,-0.0899999999999998,Normoxic (>4),0,0,1.0,6.123233995736766e-17,2
3,21,Bottom,9.42,32.75,10.15,,True,10.06,-0.0899999999999998,Normoxic (>4),0,0,1.0,6.123233995736766e-17,2
3,24,Bottom,9.95,32.11,8.97,,True,9.33,0.3599999999999994,Normoxic (>4),0,0,1.0,6.123233995736766e-17,2
3,33,Bottom,8.38,32.86,10.16,,True,10.4,0.2400000000000002,Normoxic (>4),0,0,1.0,6.123233995736766e-17,2
3,34,Bottom,9.38,32.94,10.17,,True,10.45,0.2799999999999993,Normoxic (>4),0,0,1.0,6.123233995736766e-17,2
3,35,Bottom,9.53,32.86,10.1,,True,10.21,0.1100000000000012,Normoxic (>4),0,0,1.0,6.123233995736766e-17,2
3,36,Bottom,9.34,32.55,9.05,,True,9.46,0.4100000000000001,Normoxic (>4),0,0,1.0,6.123233995736766e-17,2
3,37,Bottom,9.89,32.13,9.05,,True,9.61,0.5599999999999987,Normoxic (>4),0,0,1.0,6.123233995736766e-17,2
3,38,Bottom,10.18,32.66,9.86,,True,10.11,0.25,Normoxic (>4),0,0,1.0,6.123233995736766e-17,2
4,1,Bottom,9.1,33.11,11.24,,True,12.03,0.7899999999999991,Normoxic (>4),0,0,0.8660254037844387,-0.4999999999999998,2
4,2,Bottom,9.08,33.14,11.24,,True,11.68,0.4399999999999995,Normoxic (>4),0,0,0.8660254037844387,-0.4999999999999998,2
4,4,Bottom,8.95,32.95,11.68,,True,11.82,0.1400000000000005,Normoxic (>4),0,0,0.8660254037844387,-0.4999999999999998,2
4,6,Bottom,9.51,32.33,12.14,,True,12.39,0.25,Normoxic (>4),0,0,0.8660254037844387,-0.4999999999999998,2
4,7,Bottom,8.85,33.19,11.35,,True,11.44,0.0899999999999998,Normoxic (>4),0,0,0.8660254037844387,-0.4999999999999998,2
4,13,Bottom,8.44,33.12,10.86,,True,12.17,1.3100000000000005,Normoxic (>4),0,0,0.8660254037844387,-0.4999999999999998,2
4,15,Bottom,8.59,32.94,11.06,,True,12.27,1.209999999999999,Normoxic (>4),0,0,0.8660254037844387,-0.4999999999999998,2
4,17,Bottom,8.7,32.89,11.06,,True,12.69,1.629999999999999,Normoxic (>4),0,0,0.8660254037844387,-0.4999999999999998,2
4,18,Bottom,8.5,32.76,11.02,,True,13.61,2.59,Normoxic (>4),0,0,0.8660254037844387,-0.4999999999999998,2
4,19,Bottom,8.55,32.65,11.02,,True,12.23,1.2100000000000009,Normoxic (>4),0,0,0.8660254037844387,-0.4999999999999998,2
4,20,Bottom,8.34,32.79,10.91,,True,12.68,1.7699999999999996,Normoxic (>4),0,0,0.8660254037844387,-0.4999999999999998,2
4,21,Bottom,8.13,32.79,10.85,,True,12.67,1.8200000000000005,Normoxic (>4),0,0,0.8660254037844387,-0.4999999999999998,2
4,24,Bottom,9.57,32.33,11.61,,True,13.2,1.59,Normoxic (>4),0,0,0.8660254037844387,-0.4999999999999998,2
4,33,Bottom,8.09,32.82,10.8,,True,12.59,1.7899999999999991,Normoxic (>4),0,0,0.8660254037844387,-0.4999999999999998,2
4,34,Bottom,8.44,32.94,10.84,,True,13.42,2.58,Normoxic (>4),0,0,0.8660254037844387,-0.4999999999999998,2
4,35,Bottom,8.97,32.89,11.63,,True,11.59,-0.0400000000000009,Normoxic (>4),0,0,0.8660254037844387,-0.4999999999999998,2
4,36,Bottom,9.1,32.53,11.38,,True,12.63,1.25,Normoxic (>4),0,0,0.8660254037844387,-0.4999999999999998,2
4,37,Bottom,10.0,32.06,12.09,,True,13.3,1.2100000000000009,Normoxic (>4),0,0,0.8660254037844387,-0.4999999999999998,2
4,38,Bottom,9.17,32.61,12.35,,True,12.4,0.0500000000000007,Normoxic (>4),0,0,0.8660254037844387,-0.4999999999999998,2
5,1,Bottom,8.65,33.04,13.46,,True,13.78,0.3199999999999985,Normoxic (>4),0,0,0.49999999999999994,-0.8660254037844387,2
5,2,Bottom,8.58,33.06,13.38,,True,13.93,0.5499999999999989,Normoxic (>4),0,0,0.49999999999999994,-0.8660254037844387,2
5,4,Bottom,8.57,32.84,14.28,,True,14.31,0.0300000000000011,Normoxic (>4),0,0,0.49999999999999994,-0.8660254037844387,2
5,6,Bottom,8.27,32.66,14.09,,True,15.26,1.17,Normoxic (>4),0,0,0.49999999999999994,-0.8660254037844387,2
5,7,Bottom,8.68,33.11,13.36,,True,13.54,0.1799999999999997,Normoxic (>4),0,0,0.49999999999999994,-0.8660254037844387,2
5,13,Bottom,8.75,33.04,12.64,,True,15.46,2.8200000000000003,Normoxic (>4),0,0,0.49999999999999994,-0.8660254037844387,2
5,15,Bottom,8.5,32.81,12.85,,True,14.63,1.7800000000000011,Normoxic (>4),0,0,0.49999999999999994,-0.8660254037844387,2
5,17,Bottom,8.46,32.83,12.89,,True,16.3,3.41,Normoxic (>4),0,0,0.49999999999999994,-0.8660254037844387,1
5,18,Bottom,7.67,32.62,12.55,,True,15.84,3.289999999999999,Normoxic (>4),0,0,0.49999999999999994,-0.8660254037844387,1
5,19,Bottom,8.06,32.58,12.81,,True,16.06,3.2499999999999982,Normoxic (>4),0,0,0.49999999999999994,-0.8660254037844387,1
5,20,Bottom,7.97,32.72,12.52,,True,16.24,3.719999999999999,Normoxic (>4),0,0,0.49999999999999994,-0.8660254037844387,1
5,21,Bottom,7.39,32.68,12.36,,True,15.76,3.4000000000000004,Normoxic (>4),0,0,0.49999999999999994,-0.8660254037844387,1
5,24,Bottom,8.26,32.52,14.62,,True,16.09,1.4700000000000006,Normoxic (>4),0,0,0.49999999999999994,-0.8660254037844387,2
5,33,Bottom,8.0,32.71,12.47,,True,16.47,3.9999999999999982,Normoxic (>4),0,0,0.49999999999999994,-0.8660254037844387,1
5,34,Bottom,8.45,32.78,12.25,,True,16.79,4.539999999999999,Normoxic (>4),0,0,0.49999999999999994,-0.8660254037844387,1
5,35,Bottom,8.36,32.96,13.75,,True,15.3,1.5500000000000007,Normoxic (>4),0,0,0.49999999999999994,-0.8660254037844387,2
5,36,Bottom,8.43,32.72,13.89,,True,15.66,1.7699999999999996,Normoxic (>4),0,0,0.49999999999999994,-0.8660254037844387,2
5,37,Bottom,8.15,32.22,15.01,,True,16.86,1.85,Normoxic (>4),0,0,0.49999999999999994,-0.8660254037844387,1
5,38,Bottom,8.55,32.61,15.07,,True,16.61,1.5399999999999991,Normoxic (>4),0,0,0.49999999999999994,-0.8660254037844387,2
6,1,Bottom,8.15,33.03,16.75,,True,18.07,1.3200000000000005,Normoxic (>4),1,0,1.2246467991473532e-16,-1.0,1
6,2,Bottom,8.13,33.06,16.71,,True,17.13,0.4199999999999981,Normoxic (>4),1,0,1.2246467991473532e-16,-1.0,1
6,4,Bottom,7.95,32.86,18.59,,True,19.39,0.8000000000000007,Normoxic (>4),1,0,1.2246467991473532e-16,-1.0,1
6,6,Bottom,6.96,32.54,18.96,,True,20.76,1.8000000000000007,Normoxic (>4),1,0,1.2246467991473532e-16,-1.0,1
6,7,Bottom,8.16,33.14,16.43,,True,16.88,0.4499999999999993,Normoxic (>4),1,0,1.2246467991473532e-16,-1.0,1
6,13,Bottom,7.55,32.98,14.86,,True,20.27,5.41,Normoxic (>4),1,0,1.2246467991473532e-16,-1.0,1
6,15,Bottom,7.75,32.87,15.6,,True,22.11,6.51,Normoxic (>4),1,0,1.2246467991473532e-16,-1.0,1
6,17,Bottom,6.94,32.81,15.53,,True,21.14,5.610000000000001,Normoxic (>4),1,0,1.2246467991473532e-16,-1.0,1
6,18,Bottom,5.86,32.59,15.38,,True,21.55,6.17,Normoxic (>4),1,0,1.2246467991473532e-16,-1.0,1
6,19,Bottom,7.12,32.51,15.94,,True,21.7,5.76,Normoxic (>4),1,0,1.2246467991473532e-16,-1.0,1
6,20,Bottom,6.21,32.71,15.12,,True,21.49,6.369999999999999,Normoxic (>4),1,0,1.2246467991473532e-16,-1.0,1
6,21,Bottom,5.79,32.68,14.8,,True,20.19,5.390000000000001,Normoxic (>4),1,0,1.2246467991473532e-16,-1.0,1
6,24,Bottom,7.58,32.13,20.0,,True,21.45,1.4499999999999993,Normoxic (>4),1,0,1.2246467991473532e-16,-1.0,1
6,33,Bottom,7.14,32.71,15.43,,True,21.03,5.600000000000001,Normoxic (>4),1,0,1.2246467991473532e-16,-1.0,1
6,34,Bottom,7.52,32.74,15.01,,True,22.28,7.270000000000001,Normoxic (>4),1,0,1.2246467991473532e-16,-1.0,1
6,35,Bottom,7.86,32.98,17.13,,True,18.61,1.4800000000000004,Normoxic (>4),1,0,1.2246467991473532e-16,-1.0,1
6,36,Bottom,6.67,32.49,18.74,,True,20.94,2.200000000000003,Normoxic (>4),1,0,1.2246467991473532e-16,-1.0,1
6,37,Bottom,7.3,32.27,20.12,,True,20.44,0.3200000000000003,Normoxic (>4),1,0,1.2246467991473532e-16,-1.0,1
6,38,Bottom,7.41,32.71,19.64,,True,21.03,1.3900000000000006,Normoxic (>4),1,0,1.2246467991473532e-16,-1.0,1
7,1,Bottom,7.39,32.92,19.63,,True,20.47,0.8399999999999999,Normoxic (>4),1,0,-0.4999999999999997,-0.8660254037844388,1
7,2,Bottom,7.46,32.92,19.61,,True,20.38,0.7699999999999996,Normoxic (>4),1,0,-0.4999999999999997,-0.8660254037844388,1
7,4,Bottom,7.22,32.67,21.42,,True,21.92,0.5,Normoxic (>4),1,0,-0.4999999999999997,-0.8660254037844388,1
7,6,Bottom,6.33,32.47,22.09,,True,23.51,1.4200000000000017,Normoxic (>4),1,0,-0.4999999999999997,-0.8660254037844388,1
7,7,Bottom,7.35,33.02,19.19,,True,20.66,1.4699999999999989,Normoxic (>4),1,0,-0.4999999999999997,-0.8660254037844388,1
7,13,Bottom,6.8,32.97,17.83,,True,22.95,5.120000000000001,Normoxic (>4),1,0,-0.4999999999999997,-0.8660254037844388,1
7,15,Bottom,6.08,32.75,18.03,,True,23.55,5.52,Normoxic (>4),1,0,-0.4999999999999997,-0.8660254037844388,1
7,17,Bottom,5.66,32.75,17.88,,True,23.35,5.470000000000002,Normoxic (>4),1,0,-0.4999999999999997,-0.8660254037844388,1
7,18,Bottom,3.07,32.53,17.68,,True,23.24,5.559999999999999,Mod. stress (2–4),1,0,-0.4999999999999997,-0.8660254037844388,1
7,19,Bottom,6.05,32.47,18.29,,True,23.43,5.140000000000001,Normoxic (>4),1,0,-0.4999999999999997,-0.8660254037844388,1
7,20,Bottom,4.33,32.66,17.44,,True,22.9,5.459999999999997,Normoxic (>4),1,0,-0.4999999999999997,-0.8660254037844388,1
7,21,Bottom,3.66,32.63,16.93,,True,22.45,5.52,Mod. stress (2–4),1,0,-0.4999999999999997,-0.8660254037844388,1
7,24,Bottom,5.74,32.31,21.74,,True,24.86,3.120000000000001,Normoxic (>4),1,0,-0.4999999999999997,-0.8660254037844388,1
7,33,Bottom,5.84,32.72,18.08,,True,23.05,4.970000000000002,Normoxic (>4),1,0,-0.4999999999999997,-0.8660254037844388,1
7,34,Bottom,6.63,32.66,17.33,,True,24.27,6.940000000000001,Normoxic (>4),1,0,-0.4999999999999997,-0.8660254037844388,1
7,35,Bottom,6.52,32.84,19.83,,True,20.97,1.1400000000000006,Normoxic (>4),1,0,-0.4999999999999997,-0.8660254037844388,1
7,36,Bottom,6.32,32.52,21.1,,True,24.53,3.43,Normoxic (>4),1,0,-0.4999999999999997,-0.8660254037844388,1
7,37,Bottom,7.66,32.23,22.59,,True,23.02,0.4299999999999997,Normoxic (>4),1,0,-0.4999999999999997,-0.8660254037844388,1
7,38,Bottom,6.85,32.52,22.17,,True,23.33,1.1599999999999966,Normoxic (>4),1,0,-0.4999999999999997,-0.8660254037844388,1
8,1,Bottom,6.86,32.51,23.11,,True,23.82,0.7100000000000009,Normoxic (>4),1,0,-0.8660254037844385,-0.5000000000000004,1
8,2,Bottom,6.85,32.54,23.02,,True,24.08,1.0599999999999987,Normoxic (>4),1,0,-0.8660254037844385,-0.5000000000000004,1
8,4,Bottom,6.22,31.98,25.36,,True,25.55,0.1900000000000012,Normoxic (>4),1,0,-0.8660254037844385,-0.5000000000000004,0
8,6,Bottom,4.83,31.86,25.95,,True,27.59,1.6400000000000006,Normoxic (>4),1,0,-0.8660254037844385,-0.5000000000000004,0
8,7,Bottom,6.71,32.62,22.5,,True,23.29,0.7899999999999991,Normoxic (>4),1,0,-0.8660254037844385,-0.5000000000000004,1
8,13,Bottom,7.03,32.5,20.49,,True,24.97,4.48,Normoxic (>4),1,0,-0.8660254037844385,-0.5000000000000004,1
8,15,Bottom,4.58,32.24,20.43,,True,25.36,4.93,Normoxic (>4),1,0,-0.8660254037844385,-0.5000000000000004,1
8,17,Bottom,3.69,32.19,20.38,,True,25.76,5.380000000000003,Mod. stress (2–4),1,0,-0.8660254037844385,-0.5000000000000004,1
8,18,Bottom,4.12,32.02,20.75,,True,25.21,4.460000000000001,Normoxic (>4),1,0,-0.8660254037844385,-0.5000000000000004,1
8,19,Bottom,3.22,31.55,21.26,,True,25.19,3.93,Mod. stress (2–4),1,0,-0.8660254037844385,-0.5000000000000004,1
8,20,Bottom,2.42,32.17,20.12,,True,25.32,5.199999999999999,Mod. stress (2–4),1,0,-0.8660254037844385,-0.5000000000000004,1
8,21,Bottom,1.36,32.19,19.5,,True,24.65,5.149999999999999,Hypoxic (≤2),1,1,-0.8660254037844385,-0.5000000000000004,1
8,24,Bottom,4.52,31.56,26.44,,True,28.26,1.8200000000000005,Normoxic (>4),1,0,-0.8660254037844385,-0.5000000000000004,0
8,33,Bottom,2.85,32.2,20.58,,True,25.65,5.07,Mod. stress (2–4),1,0,-0.8660254037844385,-0.5000000000000004,1
8,34,Bottom,2.79,32.22,20.05,,True,24.21,4.16,Mod. stress (2–4),1,0,-0.8660254037844385,-0.5000000000000004,1
8,35,Bottom,5.87,32.39,23.22,,True,24.76,1.5400000000000027,Normoxic (>4),1,0,-0.8660254037844385,-0.5000000000000004,1
8,36,Bottom,4.52,32.15,24.94,,True,27.86,2.919999999999998,Normoxic (>4),1,0,-0.8660254037844385,-0.5000000000000004,1
8,37,Bottom,4.25,31.58,26.6,,True,28.97,2.369999999999997,Normoxic (>4),1,0,-0.8660254037844385,-0.5000000000000004,0
8,38,Bottom,5.63,31.91,26.18,,True,27.08,0.8999999999999986,Normoxic (>4),1,0,-0.8660254037844385,-0.5000000000000004,0
9,1,Bottom,6.77,31.9,24.97,,True,25.16,0.1900000000000012,Normoxic (>4),1,0,-1.0,-1.8369701987210297e-16,0
9,2,Bottom,6.4,31.89,25.04,,True,25.56,0.5199999999999996,Normoxic (>4),1,0,-1.0,-1.8369701987210297e-16,0
9,4,Bottom,6.36,30.8,26.54,,True,26.67,0.1300000000000025,Normoxic (>4),1,0,-1.0,-1.8369701987210297e-16,0
9,6,Bottom,4.69,30.74,26.54,,True,26.91,0.370000000000001,Normoxic (>4),1,0,-1.0,-1.8369701987210297e-16,0
9,7,Bottom,5.64,32.14,24.22,,True,25.54,1.3200000000000005,Normoxic (>4),1,0,-1.0,-1.8369701987210297e-16,0
9,13,Bottom,2.84,32.05,22.59,,True,24.83,2.2399999999999984,Mod. stress (2–4),1,0,-1.0,-1.8369701987210297e-16,0
9,15,Bottom,3.38,31.79,22.96,,True,24.29,1.3299999999999983,Mod. stress (2–4),1,0,-1.0,-1.8369701987210297e-16,0
9,17,Bottom,2.65,31.66,22.75,,True,25.79,3.039999999999999,Mod. stress (2–4),1,0,-1.0,-1.8369701987210297e-16,0
9,18,Bottom,1.59,31.35,22.46,,True,25.68,3.219999999999999,Hypoxic (≤2),1,1,-1.0,-1.8369701987210297e-16,0
9,19,Bottom,1.26,31.1,22.87,,True,25.27,2.3999999999999986,Hypoxic (≤2),1,1,-1.0,-1.8369701987210297e-16,0
9,20,Bottom,2.09,31.58,22.51,,True,25.49,2.979999999999997,Mod. stress (2–4),1,0,-1.0,-1.8369701987210297e-16,0
9,21,Bottom,0.93,31.63,21.73,,True,25.24,3.509999999999998,Severely hypoxic (≤1),1,1,-1.0,-1.8369701987210297e-16,0
9,24,Bottom,8.52,29.25,26.58,,True,27.48,0.9000000000000021,Normoxic (>4),1,0,-1.0,-1.8369701987210297e-16,0
9,33,Bottom,2.45,31.71,23.15,,True,23.94,0.7900000000000027,Mod. stress (2–4),1,0,-1.0,-1.8369701987210297e-16,0
9,34,Bottom,2.43,31.65,22.34,,True,25.77,3.43,Mod. stress (2–4),1,0,-1.0,-1.8369701987210297e-16,0
9,35,Bottom,4.68,31.76,25.07,,True,25.77,0.6999999999999993,Normoxic (>4),1,0,-1.0,-1.8369701987210297e-16,0
9,36,Bottom,3.92,30.72,26.39,,True,27.24,0.8499999999999979,Mod. stress (2–4),1,0,-1.0,-1.8369701987210297e-16,0
9,37,Bottom,6.24,29.77,26.75,,True,27.28,0.5300000000000011,Normoxic (>4),1,0,-1.0,-1.8369701987210297e-16,0
9,38,Bottom,5.27,30.55,26.79,,True,27.22,0.4299999999999997,Normoxic (>4),1,0,-1.0,-1.8369701987210297e-16,0
10,1,Bottom,6.62,31.94,24.35,,True,24.6,0.25,Normoxic (>4),0,0,-0.8660254037844386,0.5000000000000001,0
10,2,Bottom,6.72,31.99,24.42,,True,24.72,0.2999999999999971,Normoxic (>4),0,0,-0.8660254037844386,0.5000000000000001,0
10,4,Bottom,6.61,31.32,25.08,,True,25.29,0.2100000000000008,Normoxic (>4),0,0,-0.8660254037844386,0.5000000000000001,0
10,6,Bottom,6.97,30.7,25.06,,True,25.27,0.2100000000000008,Normoxic (>4),0,0,-0.8660254037844386,0.5000000000000001,0
10,7,Bottom,6.16,32.29,23.93,,True,24.56,0.629999999999999,Normoxic (>4),0,0,-0.8660254037844386,0.5000000000000001,0
10,13,Bottom,6.28,32.21,23.91,,True,24.37,0.4600000000000008,Normoxic (>4),0,0,-0.8660254037844386,0.5000000000000001,0
10,15,Bottom,6.04,32.1,23.98,,True,24.31,0.3299999999999983,Normoxic (>4),0,0,-0.8660254037844386,0.5000000000000001,0
10,17,Bottom,5.22,31.95,23.94,,True,24.21,0.2699999999999996,Normoxic (>4),0,0,-0.8660254037844386,0.5000000000000001,0
10,18,Bottom,2.32,31.61,23.85,,True,23.83,-0.0200000000000031,Mod. stress (2–4),0,0,-0.8660254037844386,0.5000000000000001,0
10,19,Bottom,3.65,31.58,23.93,,True,23.98,0.0500000000000007,Mod. stress (2–4),0,0,-0.8660254037844386,0.5000000000000001,0
10,20,Bottom,3.65,31.76,23.89,,True,23.98,0.0899999999999998,Mod. stress (2–4),0,0,-0.8660254037844386,0.5000000000000001,0
10,21,Bottom,3.08,31.53,23.71,,True,23.98,0.2699999999999996,Mod. stress (2–4),0,0,-0.8660254037844386,0.5000000000000001,0
10,24,Bottom,6.59,30.26,24.94,,True,25.16,0.2199999999999988,Normoxic (>4),0,0,-0.8660254037844386,0.5000000000000001,0
10,33,Bottom,2.77,31.7,23.83,,True,24.28,0.4500000000000028,Mod. stress (2–4),0,0,-0.8660254037844386,0.5000000000000001,0
10,34,Bottom,5.57,32.0,23.95,,True,24.33,0.379999999999999,Normoxic (>4),0,0,-0.8660254037844386,0.5000000000000001,0
10,35,Bottom,6.05,31.88,24.35,,True,24.31,-0.0400000000000027,Normoxic (>4),0,0,-0.8660254037844386,0.5000000000000001,0
10,36,Bottom,5.54,30.83,25.18,,True,25.34,0.1600000000000001,Normoxic (>4),0,0,-0.8660254037844386,0.5000000000000001,0
10,37,Bottom,5.78,30.37,25.16,,True,25.43,0.2699999999999996,Normoxic (>4),0,0,-0.8660254037844386,0.5000000000000001,0
10,38,Bottom,6.71,31.08,25.06,,True,24.83,-0.2300000000000004,Normoxic (>4),0,0,-0.8660254037844386,0.5000000000000001,0
11,1,Bottom,6.69,31.85,20.94,,True,21.25,0.3099999999999987,Normoxic (>4),0,0,-0.5000000000000004,0.8660254037844384,0
11,2,Bottom,6.35,31.89,21.3,,True,21.53,0.2300000000000004,Normoxic (>4),0,0,-0.5000000000000004,0.8660254037844384,0
11,4,Bottom,6.69,31.44,21.2,,True,21.3,0.1000000000000014,Normoxic (>4),0,0,-0.5000000000000004,0.8660254037844384,0
11,6,Bottom,6.68,30.5,20.08,,True,20.4,0.3200000000000003,Normoxic (>4),0,0,-0.5000000000000004,0.8660254037844384,0
11,7,Bottom,6.71,32.01,21.36,,True,21.34,-0.0199999999999995,Normoxic (>4),0,0,-0.5000000000000004,0.8660254037844384,0
11,13,Bottom,6.61,32.11,21.03,,True,21.11,0.0799999999999983,Normoxic (>4),0,0,-0.5000000000000004,0.8660254037844384,0
11,15,Bottom,6.3,32.03,21.26,,True,20.05,-1.2100000000000009,Normoxic (>4),0,0,-0.5000000000000004,0.8660254037844384,0
11,17,Bottom,6.09,32.06,21.49,,True,19.85,-1.639999999999997,Normoxic (>4),0,0,-0.5000000000000004,0.8660254037844384,0
11,18,Bottom,5.46,31.96,21.48,,True,19.64,-1.84,Normoxic (>4),0,0,-0.5000000000000004,0.8660254037844384,0
11,19,Bottom,6.08,31.66,21.01,,True,20.01,-1.0,Normoxic (>4),0,0,-0.5000000000000004,0.8660254037844384,0
11,20,Bottom,5.88,31.94,21.4,,True,20.37,-1.0299999999999976,Normoxic (>4),0,0,-0.5000000000000004,0.8660254037844384,0
11,21,Bottom,6.64,31.62,20.83,,True,20.82,-0.009999999999998,Normoxic (>4),0,0,-0.5000000000000004,0.8660254037844384,0
11,24,Bottom,6.73,30.1,19.67,,True,19.41,-0.2600000000000015,Normoxic (>4),0,0,-0.5000000000000004,0.8660254037844384,0
11,33,Bottom,5.76,31.92,21.17,,True,20.54,-0.6300000000000026,Normoxic (>4),0,0,-0.5000000000000004,0.8660254037844384,0
11,34,Bottom,6.67,31.77,20.45,,True,20.63,0.1799999999999997,Normoxic (>4),0,0,-0.5000000000000004,0.8660254037844384,0
11,35,Bottom,6.5,31.69,20.04,,True,20.03,-0.009999999999998,Normoxic (>4),0,0,-0.5000000000000004,0.8660254037844384,0
11,36,Bottom,6.76,30.27,19.92,,True,20.14,0.2199999999999988,Normoxic (>4),0,0,-0.5000000000000004,0.8660254037844384,0
11,37,Bottom,6.6,30.14,19.98,,True,19.76,-0.2199999999999988,Normoxic (>4),0,0,-0.5000000000000004,0.8660254037844384,0
11,38,Bottom,6.71,30.91,20.26,,True,19.85,-0.4100000000000001,Normoxic (>4),0,0,-0.5000000000000004,0.8660254037844384,0
12,1,Bottom,7.32,32.03,17.29,,True,17.64,0.3500000000000014,Normoxic (>4),0,0,-2.4492935982947064e-16,1.0,0
12,2,Bottom,7.13,32.12,17.83,,True,17.9,0.0700000000000002,Normoxic (>4),0,0,-2.4492935982947064e-16,1.0,0
12,4,Bottom,7.22,31.7,17.31,,True,17.4,0.0899999999999998,Normoxic (>4),0,0,-2.4492935982947064e-16,1.0,0
12,6,Bottom,7.93,30.91,15.91,,True,15.53,-0.3800000000000008,Normoxic (>4),0,0,-2.4492935982947064e-16,1.0,0
12,7,Bottom,7.39,32.37,17.94,,True,17.91,-0.0300000000000011,Normoxic (>4),0,0,-2.4492935982947064e-16,1.0,0
12,13,Bottom,7.37,32.25,18.04,,True,17.79,-0.25,Normoxic (>4),0,0,-2.4492935982947064e-16,1.0,0
12,15,Bottom,7.33,32.19,18.08,,True,18.05,-0.0299999999999975,Normoxic (>4),0,0,-2.4492935982947064e-16,1.0,0
12,17,Bottom,7.4,31.92,17.31,,True,17.3,-0.009999999999998,Normoxic (>4),0,0,-2.4492935982947064e-16,1.0,0
12,18,Bottom,7.36,31.97,17.25,,True,16.83,-0.4200000000000017,Normoxic (>4),0,0,-2.4492935982947064e-16,1.0,0
12,19,Bottom,6.79,31.63,16.97,,True,16.63,-0.3399999999999998,Normoxic (>4),0,0,-2.4492935982947064e-16,1.0,0
12,20,Bottom,7.23,31.76,17.39,,True,16.65,-0.740000000000002,Normoxic (>4),0,0,-2.4492935982947064e-16,1.0,0
12,21,Bottom,6.99,31.65,17.13,,True,17.24,0.1099999999999994,Normoxic (>4),0,0,-2.4492935982947064e-16,1.0,0
12,24,Bottom,7.82,30.7,15.36,,True,15.49,0.1300000000000007,Normoxic (>4),0,0,-2.4492935982947064e-16,1.0,0
12,33,Bottom,7.16,31.59,16.46,,True,16.68,0.2199999999999988,Normoxic (>4),0,0,-2.4492935982947064e-16,1.0,0
12,34,Bottom,7.79,31.73,16.39,,True,16.43,0.0399999999999991,Normoxic (>4),0,0,-2.4492935982947064e-16,1.0,0
12,35,Bottom,7.33,31.87,16.2,,True,16.23,0.0300000000000011,Normoxic (>4),0,0,-2.4492935982947064e-16,1.0,0
12,36,Bottom,8.01,31.01,16.05,,True,15.72,-0.33,Normoxic (>4),0,0,-2.4492935982947064e-16,1.0,0
12,37,Bottom,8.01,30.79,15.5,,True,14.3,-1.1999999999999993,Normoxic (>4),0,0,-2.4492935982947064e-16,1.0,0
12,38,Bottom,7.32,31.16,15.62,,True,15.55,-0.0699999999999985,Normoxic (>4),0,0,-2.4492935982947064e-16,1.0,0
