Month,Station,Depth,Salinity,Temperature,Temp_surface,Station_ID,Nominal_Depth_m,lat_dd,lon_dd,Strat_index,strong_thermo,is_summer
1,1,Bottom,32.85,15.82,13.8,1,12,34.35216666666667,135.1825,-2.0199999999999996,False,False
1,2,Bottom,33.3,16.26,15.1,2,41,34.347166666666666,135.1155,-1.160000000000002,False,False
1,3,Bottom,33.34,16.34,14.1,3,46,34.347166666666666,135.03283333333334,-2.24,False,False
1,4,Bottom,33.36,16.36,15.2,4,58,34.347166666666666,134.963,-1.1600000000000001,False,False
1,5,Bottom,33.1,16.06,14.6,5,52,34.458333333333336,135.01583333333335,-1.459999999999999,False,False
1,6,Bottom,32.69,15.38,14.7,6,56,34.563,135.0585,-0.6800000000000015,False,False
1,7,Bottom,32.41,15.03,13.8,7,60,34.54416666666667,135.12616666666668,-1.2299999999999986,False,False
1,8,Bottom,32.41,15.06,13.5,8,29,34.49916666666667,135.17883333333333,-1.5600000000000005,False,False
1,9,Bottom,32.22,14.73,14.0,9,20,34.457166666666666,135.2305,-0.7300000000000004,False,False
1,10,Bottom,32.26,14.86,13.9,10,19,34.4075,135.1805,-0.9599999999999991,False,False
1,11,Bottom,31.83,13.94,14.0,11,13,34.418,135.28133333333332,0.0600000000000005,False,False
1,12,Bottom,32.15,14.68,13.9,12,18,34.506,135.2805,-0.7799999999999994,False,False
1,13,Bottom,31.92,14.54,14.6,13,13,34.543166666666664,135.37883333333335,0.0600000000000005,False,False
1,14,Bottom,32.11,14.72,13.5,14,18,34.54966666666667,135.32316666666668,-1.2200000000000006,False,False
1,15,Bottom,32.39,15.22,13.8,15,18,34.6,135.29583333333332,-1.42,False,False
1,16,Bottom,32.34,15.22,13.4,16,18,34.633833333333335,135.255,-1.8200000000000003,False,False
1,17,Bottom,32.23,15.16,14.2,17,13,34.60333333333333,135.382,-0.9600000000000009,False,False
1,18,Bottom,32.22,15.26,13.8,18,13,34.67,135.3305,-1.459999999999999,False,False
1,19,Bottom,31.86,14.21,13.9,19,13,34.47,135.3305,-0.3100000000000005,False,False
1,20,Bottom,32.31,14.94,13.5,20,21,34.593333333333334,135.18416666666667,-1.4399999999999995,False,False
2,1,Bottom,32.73,12.32,10.7,1,12,34.35216666666667,135.1825,-1.620000000000001,False,False
2,2,Bottom,33.12,12.93,12.3,2,41,34.347166666666666,135.1155,-0.629999999999999,False,False
2,3,Bottom,32.91,12.54,11.3,3,46,34.347166666666666,135.03283333333334,-1.2399999999999984,False,False
2,4,Bottom,32.94,12.54,11.8,4,58,34.347166666666666,134.963,-0.7399999999999984,False,False
2,5,Bottom,32.75,12.24,10.4,5,52,34.458333333333336,135.01583333333335,-1.8399999999999999,False,False
2,6,Bottom,32.47,11.76,10.0,6,56,34.563,135.0585,-1.7599999999999998,False,False
2,7,Bottom,32.05,10.94,10.4,7,60,34.54416666666667,135.12616666666668,-0.5399999999999991,False,False
2,8,Bottom,32.18,11.27,10.4,8,29,34.49916666666667,135.17883333333333,-0.8699999999999992,False,False
2,9,Bottom,32.07,11.16,10.2,9,20,34.457166666666666,135.2305,-0.9600000000000009,False,False
2,10,Bottom,32.15,11.27,10.4,10,19,34.4075,135.1805,-0.8699999999999992,False,False
2,11,Bottom,31.97,10.84,10.1,11,13,34.418,135.28133333333332,-0.7400000000000002,False,False
2,12,Bottom,32.15,11.36,10.1,12,18,34.506,135.2805,-1.2599999999999998,False,False
2,13,Bottom,32.03,10.93,10.1,13,13,34.543166666666664,135.37883333333335,-0.8300000000000001,False,False
2,14,Bottom,32.16,11.36,9.8,14,18,34.54966666666667,135.32316666666668,-1.5599999999999987,False,False
2,15,Bottom,32.16,11.33,10.0,15,18,34.6,135.29583333333332,-1.33,False,False
2,16,Bottom,32.14,11.34,10.1,16,18,34.633833333333335,135.255,-1.2400000000000002,False,False
2,17,Bottom,32.01,10.96,10.4,17,13,34.60333333333333,135.382,-0.5600000000000005,False,False
2,18,Bottom,31.88,10.88,10.1,18,13,34.67,135.3305,-0.7800000000000011,False,False
2,19,Bottom,32.02,11.04,9.8,19,13,34.47,135.3305,-1.2399999999999984,False,False
2,20,Bottom,32.2,11.36,10.2,20,21,34.593333333333334,135.18416666666667,-1.1600000000000001,False,False
3,1,Bottom,31.83,10.31,10.6,1,12,34.35216666666667,135.1825,0.28999999999999915,False,False
3,2,Bottom,32.82,12.21,11.0,2,41,34.347166666666666,135.1155,-1.2100000000000009,False,False
3,3,Bottom,32.87,12.29,11.0,3,46,34.347166666666666,135.03283333333334,-1.2899999999999991,False,False
3,4,Bottom,33.04,12.58,10.9,4,58,34.347166666666666,134.963,-1.6799999999999997,False,False
3,5,Bottom,32.79,12.29,10.8,5,52,34.458333333333336,135.01583333333335,-1.4899999999999984,False,False
3,6,Bottom,32.45,11.63,10.8,6,56,34.563,135.0585,-0.8300000000000001,False,False
3,7,Bottom,31.99,10.66,11.0,7,60,34.54416666666667,135.12616666666668,0.33999999999999986,False,False
3,8,Bottom,32.02,10.74,11.9,8,29,34.49916666666667,135.17883333333333,1.1600000000000001,False,False
3,9,Bottom,31.59,10.38,10.3,9,20,34.457166666666666,135.2305,-0.08000000000000007,False,False
3,10,Bottom,32.1,11.02,10.3,10,19,34.4075,135.1805,-0.7199999999999989,False,False
3,11,Bottom,31.27,10.19,10.4,11,13,34.418,135.28133333333332,0.21000000000000085,False,False
3,12,Bottom,31.85,10.66,10.1,12,18,34.506,135.2805,-0.5600000000000005,False,False
3,13,Bottom,31.02,10.32,10.1,13,13,34.543166666666664,135.37883333333335,-0.22000000000000064,False,False
3,14,Bottom,31.47,10.38,9.7,14,18,34.54966666666667,135.32316666666668,-0.6800000000000015,False,False
3,15,Bottom,31.85,10.65,10.0,15,18,34.6,135.29583333333332,-0.6500000000000004,False,False
3,16,Bottom,31.84,10.7,10.3,16,18,34.633833333333335,135.255,-0.3999999999999986,False,False
3,17,Bottom,31.23,10.48,10.3,17,13,34.60333333333333,135.382,-0.17999999999999972,False,False
3,18,Bottom,31.72,10.89,10.4,18,13,34.67,135.3305,-0.4900000000000002,False,False
3,19,Bottom,31.14,10.35,10.3,19,13,34.47,135.3305,-0.049999999999998934,False,False
3,20,Bottom,32.07,10.82,10.2,20,21,34.593333333333334,135.18416666666667,-0.620000000000001,False,False
4,1,Bottom,32.76,12.88,15.9,1,12,34.35216666666667,135.1825,3.0199999999999996,True,False
4,2,Bottom,33.39,13.95,14.1,2,41,34.347166666666666,135.1155,0.15000000000000036,False,False
4,3,Bottom,33.67,14.71,13.3,3,46,34.347166666666666,135.03283333333334,-1.4100000000000001,False,False
4,4,Bottom,33.58,14.59,14.1,4,58,34.347166666666666,134.963,-0.4900000000000002,False,False
4,5,Bottom,33.5,14.05,13.7,5,52,34.458333333333336,135.01583333333335,-0.3500000000000014,False,False
4,6,Bottom,33.16,13.49,13.2,6,56,34.563,135.0585,-0.2900000000000009,False,False
4,7,Bottom,32.47,12.73,13.2,7,60,34.54416666666667,135.12616666666668,0.46999999999999886,False,False
4,8,Bottom,32.44,12.65,14.3,8,29,34.49916666666667,135.17883333333333,1.6500000000000004,False,False
4,9,Bottom,32.11,11.87,13.8,9,20,34.457166666666666,135.2305,1.9300000000000015,False,False
4,10,Bottom,32.69,12.75,14.0,10,19,34.4075,135.1805,1.25,False,False
4,11,Bottom,31.99,11.83,14.3,11,13,34.418,135.28133333333332,2.4700000000000006,False,False
4,12,Bottom,32.18,12.1,14.4,12,18,34.506,135.2805,2.3000000000000007,False,False
4,13,Bottom,31.97,11.81,14.9,13,13,34.543166666666664,135.37883333333335,3.09,True,False
4,14,Bottom,32.08,11.87,15.0,14,18,34.54966666666667,135.32316666666668,3.130000000000001,True,False
4,15,Bottom,32.37,12.3,14.8,15,18,34.6,135.29583333333332,2.5,False,False
4,16,Bottom,32.17,12.09,14.8,16,18,34.633833333333335,135.255,2.710000000000001,False,False
4,17,Bottom,32.01,11.78,14.3,17,13,34.60333333333333,135.382,2.5200000000000014,False,False
4,18,Bottom,32.0,11.73,15.7,18,13,34.67,135.3305,3.969999999999999,True,False
4,19,Bottom,32.01,11.8,14.8,19,13,34.47,135.3305,3.0,False,False
4,20,Bottom,32.5,12.59,13.6,20,21,34.593333333333334,135.18416666666667,1.0099999999999998,False,False
5,1,Bottom,32.62,16.6,16.8,1,12,34.35216666666667,135.1825,0.1999999999999993,False,False
5,2,Bottom,32.94,17.21,17.0,2,41,34.347166666666666,135.1155,-0.21000000000000085,False,False
5,3,Bottom,33.04,17.3,16.9,3,46,34.347166666666666,135.03283333333334,-0.40000000000000213,False,False
5,4,Bottom,33.1,17.43,17.3,4,58,34.347166666666666,134.963,-0.129999999999999,False,False
5,5,Bottom,32.98,17.19,17.7,5,52,34.458333333333336,135.01583333333335,0.509999999999998,False,False
5,6,Bottom,32.48,16.61,17.4,6,56,34.563,135.0585,0.7899999999999991,False,False
5,7,Bottom,32.22,16.44,16.7,7,60,34.54416666666667,135.12616666666668,0.259999999999998,False,False
5,8,Bottom,32.23,16.43,17.8,8,29,34.49916666666667,135.17883333333333,1.370000000000001,False,False
5,9,Bottom,32.23,16.07,16.3,9,20,34.457166666666666,135.2305,0.23000000000000043,False,False
5,10,Bottom,32.64,16.51,16.3,10,19,34.4075,135.1805,-0.21000000000000085,False,False
5,11,Bottom,32.21,15.97,17.0,11,13,34.418,135.28133333333332,1.0299999999999994,False,False
5,12,Bottom,32.25,16.0,16.5,12,18,34.506,135.2805,0.5,False,False
5,13,Bottom,32.09,15.45,18.0,13,13,34.543166666666664,135.37883333333335,2.5500000000000007,False,False
5,14,Bottom,32.29,15.85,17.4,14,18,34.54966666666667,135.32316666666668,1.549999999999999,False,False
5,15,Bottom,32.17,15.72,17.2,15,18,34.6,135.29583333333332,1.4799999999999986,False,False
5,16,Bottom,32.17,15.86,17.5,16,18,34.633833333333335,135.255,1.6400000000000006,False,False
5,17,Bottom,32.04,15.82,17.3,17,13,34.60333333333333,135.382,1.4800000000000004,False,False
5,18,Bottom,32.06,15.44,18.21,18,13,34.67,135.3305,2.7700000000000014,False,False
5,19,Bottom,32.26,15.89,16.1,19,13,34.47,135.3305,0.21000000000000085,False,False
5,20,Bottom,32.22,15.89,17.5,20,21,34.593333333333334,135.18416666666667,1.6099999999999994,False,False
6,1,Bottom,32.58,19.34,20.1,1,12,34.35216666666667,135.1825,0.7600000000000016,False,True
6,2,Bottom,33.38,19.74,20.1,2,41,34.347166666666666,135.1155,0.360000000000003,False,True
6,3,Bottom,33.61,19.55,20.0,3,46,34.347166666666666,135.03283333333334,0.4499999999999993,False,True
6,4,Bottom,33.46,19.55,19.9,4,58,34.347166666666666,134.963,0.34999999999999787,False,True
6,5,Bottom,33.53,19.37,20.3,5,52,34.458333333333336,135.01583333333335,0.9299999999999997,False,True
6,6,Bottom,33.05,19.36,20.3,6,56,34.563,135.0585,0.9400000000000013,False,True
6,7,Bottom,32.49,19.33,19.7,7,60,34.54416666666667,135.12616666666668,0.370000000000001,False,True
6,8,Bottom,32.52,19.31,20.8,8,29,34.49916666666667,135.17883333333333,1.490000000000002,False,True
6,9,Bottom,32.28,19.13,20.6,9,20,34.457166666666666,135.2305,1.4700000000000024,False,True
6,10,Bottom,32.42,19.19,20.2,10,19,34.4075,135.1805,1.009999999999998,False,True
6,11,Bottom,32.19,19.12,19.9,11,13,34.418,135.28133333333332,0.7799999999999976,False,True
6,12,Bottom,32.25,19.13,20.6,12,18,34.506,135.2805,1.4700000000000024,False,True
6,13,Bottom,32.21,18.42,20.7,13,13,34.543166666666664,135.37883333333335,2.2799999999999976,False,True
6,14,Bottom,32.29,19.07,20.7,14,18,34.54966666666667,135.32316666666668,1.629999999999999,False,True
6,15,Bottom,32.25,19.02,21.4,15,18,34.6,135.29583333333332,2.379999999999999,False,True
6,16,Bottom,32.03,18.44,20.8,16,18,34.633833333333335,135.255,2.3599999999999994,False,True
6,17,Bottom,32.14,18.51,21.2,17,13,34.60333333333333,135.382,2.6899999999999977,False,True
6,18,Bottom,32.14,18.41,21.5,18,13,34.67,135.3305,3.09,True,True
6,19,Bottom,32.12,18.56,20.3,19,13,34.47,135.3305,1.740000000000002,False,True
6,20,Bottom,32.24,19.14,20.6,20,21,34.593333333333334,135.18416666666667,1.4600000000000009,False,True
7,1,Bottom,31.59,21.77,25.7,1,12,34.35216666666667,135.1825,3.9299999999999997,True,True
7,2,Bottom,32.84,21.81,25.3,2,41,34.347166666666666,135.1155,3.490000000000002,True,True
7,3,Bottom,32.88,21.76,25.9,3,46,34.347166666666666,135.03283333333334,4.139999999999997,True,True
7,4,Bottom,33.77,20.54,24.9,4,58,34.347166666666666,134.963,4.359999999999999,True,True
7,5,Bottom,32.74,21.79,24.3,5,52,34.458333333333336,135.01583333333335,2.5100000000000016,False,True
7,6,Bottom,32.95,21.5,27.3,6,56,34.563,135.0585,5.800000000000001,True,True
7,7,Bottom,32.04,22.0,23.8,7,60,34.54416666666667,135.12616666666668,1.8000000000000007,False,True
7,8,Bottom,32.02,21.97,27.2,8,29,34.49916666666667,135.17883333333333,5.23,True,True
7,9,Bottom,31.94,21.09,24.7,9,20,34.457166666666666,135.2305,3.6099999999999994,True,True
7,10,Bottom,31.75,21.82,24.4,10,19,34.4075,135.1805,2.5799999999999983,False,True
7,11,Bottom,31.43,22.18,25.4,11,13,34.418,135.28133333333332,3.219999999999999,True,True
7,12,Bottom,31.92,21.41,27.1,12,18,34.506,135.2805,5.690000000000001,True,True
7,13,Bottom,31.79,20.91,28.8,13,13,34.543166666666664,135.37883333333335,7.890000000000001,True,True
7,14,Bottom,32.0,21.03,28.3,14,18,34.54966666666667,135.32316666666668,7.27,True,True
7,15,Bottom,32.27,20.0,27.7,15,18,34.6,135.29583333333332,7.699999999999999,True,True
7,16,Bottom,32.06,20.38,26.8,16,18,34.633833333333335,135.255,6.420000000000002,True,True
7,17,Bottom,31.94,21.03,27.9,17,13,34.60333333333333,135.382,6.869999999999997,True,True
7,18,Bottom,31.84,20.62,28.7,18,13,34.67,135.3305,8.079999999999998,True,True
7,19,Bottom,31.75,20.83,28.9,19,13,34.47,135.3305,8.07,True,True
7,20,Bottom,32.16,21.75,27.0,20,21,34.593333333333334,135.18416666666667,5.25,True,True
8,1,Bottom,32.37,24.81,28.4,1,12,34.35216666666667,135.1825,3.59,True,True
8,2,Bottom,32.72,24.35,26.4,2,41,34.347166666666666,135.1155,2.049999999999997,False,True
8,3,Bottom,33.03,23.74,25.9,3,46,34.347166666666666,135.03283333333334,2.16,False,True
8,4,Bottom,33.98,21.53,26.2,4,58,34.347166666666666,134.963,4.669999999999998,True,True
8,5,Bottom,33.22,23.15,27.3,5,52,34.458333333333336,135.01583333333335,4.150000000000002,True,True
8,6,Bottom,33.12,23.34,26.7,6,56,34.563,135.0585,3.3599999999999994,True,True
8,7,Bottom,32.56,23.94,26.1,7,60,34.54416666666667,135.12616666666668,2.16,False,True
8,8,Bottom,32.26,24.07,27.1,8,29,34.49916666666667,135.17883333333333,3.030000000000001,True,True
8,9,Bottom,32.36,24.34,27.0,9,20,34.457166666666666,135.2305,2.66,False,True
8,10,Bottom,32.63,24.21,26.8,10,19,34.4075,135.1805,2.59,False,True
8,11,Bottom,32.22,24.88,28.8,11,13,34.418,135.28133333333332,3.9200000000000017,True,True
8,12,Bottom,32.25,23.55,28.6,12,18,34.506,135.2805,5.050000000000001,True,True
8,13,Bottom,31.96,23.87,29.3,13,13,34.543166666666664,135.37883333333335,5.43,True,True
8,14,Bottom,32.21,23.14,28.2,14,18,34.54966666666667,135.32316666666668,5.059999999999999,True,True
8,15,Bottom,32.34,22.9,28.3,15,18,34.6,135.29583333333332,5.400000000000002,True,True
8,16,Bottom,32.19,22.75,28.8,16,18,34.633833333333335,135.255,6.050000000000001,True,True
8,17,Bottom,31.88,23.12,28.9,17,13,34.60333333333333,135.382,5.779999999999998,True,True
8,18,Bottom,32.03,22.53,30.4,18,13,34.67,135.3305,7.869999999999997,True,True
8,19,Bottom,32.04,23.71,29.6,19,13,34.47,135.3305,5.890000000000001,True,True
8,20,Bottom,32.23,23.23,27.7,20,21,34.593333333333334,135.18416666666667,4.469999999999999,True,True
9,1,Bottom,32.74,26.1,27.8,1,12,34.35216666666667,135.1825,1.6999999999999993,False,True
9,2,Bottom,32.87,25.81,27.2,2,41,34.347166666666666,135.1155,1.3900000000000006,False,True
9,3,Bottom,33.05,25.4,26.9,3,46,34.347166666666666,135.03283333333334,1.5,False,True
9,4,Bottom,33.18,25.15,27.1,4,58,34.347166666666666,134.963,1.9500000000000028,False,True
9,5,Bottom,33.14,25.01,27.3,5,52,34.458333333333336,135.01583333333335,2.289999999999999,False,True
9,6,Bottom,32.84,25.37,27.2,6,56,34.563,135.0585,1.8299999999999983,False,True
9,7,Bottom,32.19,25.93,26.3,7,60,34.54416666666667,135.12616666666668,0.370000000000001,False,True
9,8,Bottom,32.28,25.82,26.8,8,29,34.49916666666667,135.17883333333333,0.9800000000000004,False,True
9,9,Bottom,32.23,25.85,27.4,9,20,34.457166666666666,135.2305,1.5499999999999972,False,True
9,10,Bottom,32.7,25.81,26.4,10,19,34.4075,135.1805,0.5899999999999999,False,True
9,11,Bottom,32.25,25.89,28.2,11,13,34.418,135.28133333333332,2.3099999999999987,False,True
9,12,Bottom,32.22,25.87,27.4,12,18,34.506,135.2805,1.5299999999999976,False,True
9,13,Bottom,32.35,25.67,29.1,13,13,34.543166666666664,135.37883333333335,3.4299999999999997,True,True
9,14,Bottom,32.37,25.63,28.3,14,18,34.54966666666667,135.32316666666668,2.6700000000000017,False,True
9,15,Bottom,32.44,25.58,28.7,15,18,34.6,135.29583333333332,3.120000000000001,True,True
9,16,Bottom,32.4,25.56,28.6,16,18,34.633833333333335,135.255,3.0400000000000027,True,True
9,17,Bottom,32.21,25.71,29.2,17,13,34.60333333333333,135.382,3.4899999999999984,True,True
9,18,Bottom,32.35,25.57,29.8,18,13,34.67,135.3305,4.23,True,True
9,19,Bottom,32.36,25.68,28.1,19,13,34.47,135.3305,2.4200000000000017,False,True
9,20,Bottom,32.34,25.78,27.8,20,21,34.593333333333334,135.18416666666667,2.0199999999999996,False,True
10,1,Bottom,32.9,25.81,26.1,1,12,34.35216666666667,135.1825,0.2900000000000027,False,False
10,2,Bottom,32.95,25.65,25.5,2,41,34.347166666666666,135.1155,-0.14999999999999858,False,False
10,3,Bottom,33.15,25.58,25.5,3,46,34.347166666666666,135.03283333333334,-0.0799999999999983,False,False
10,4,Bottom,33.3,25.57,25.4,4,58,34.347166666666666,134.963,-0.1700000000000017,False,False
10,5,Bottom,33.31,25.45,25.5,5,52,34.458333333333336,135.01583333333335,0.05000000000000071,False,False
10,6,Bottom,32.94,25.58,25.7,6,56,34.563,135.0585,0.120000000000001,False,False
10,7,Bottom,32.08,25.52,25.5,7,60,34.54416666666667,135.12616666666668,-0.019999999999999574,False,False
10,8,Bottom,32.13,25.49,26.0,8,29,34.49916666666667,135.17883333333333,0.5100000000000016,False,False
10,9,Bottom,32.17,25.41,26.0,9,20,34.457166666666666,135.2305,0.5899999999999999,False,False
10,10,Bottom,32.76,25.59,26.5,10,19,34.4075,135.1805,0.9100000000000001,False,False
10,11,Bottom,32.37,25.37,26.4,11,13,34.418,135.28133333333332,1.0299999999999976,False,False
10,12,Bottom,32.05,25.41,26.1,12,18,34.506,135.2805,0.6900000000000013,False,False
10,13,Bottom,32.36,25.38,26.7,13,13,34.543166666666664,135.37883333333335,1.3200000000000003,False,False
10,14,Bottom,32.37,25.33,26.1,14,18,34.54966666666667,135.32316666666668,0.7700000000000031,False,False
10,15,Bottom,32.31,25.38,26.1,15,18,34.6,135.29583333333332,0.7200000000000024,False,False
10,16,Bottom,32.32,25.39,25.7,16,18,34.633833333333335,135.255,0.3099999999999987,False,False
10,17,Bottom,32.29,25.47,26.6,17,13,34.60333333333333,135.382,1.1300000000000026,False,False
10,18,Bottom,32.31,25.34,25.4,18,13,34.67,135.3305,0.05999999999999872,False,False
10,19,Bottom,32.37,25.38,26.4,19,13,34.47,135.3305,1.0199999999999996,False,False
10,20,Bottom,32.22,25.51,25.9,20,21,34.593333333333334,135.18416666666667,0.389999999999997,False,False
11,1,Bottom,32.21,19.14,20.7,1,12,34.35216666666667,135.1825,1.5599999999999987,False,False
11,2,Bottom,33.17,22.02,20.6,2,41,34.347166666666666,135.1155,-1.4199999999999982,False,False
11,3,Bottom,33.11,22.08,21.6,3,46,34.347166666666666,135.03283333333334,-0.4799999999999969,False,False
11,4,Bottom,33.3,22.19,21.8,4,58,34.347166666666666,134.963,-0.39000000000000057,False,False
11,5,Bottom,33.06,21.98,21.3,5,52,34.458333333333336,135.01583333333335,-0.6799999999999997,False,False
11,6,Bottom,32.61,21.68,21.7,6,56,34.563,135.0585,0.019999999999999574,False,False
11,7,Bottom,32.77,21.86,21.7,7,60,34.54416666666667,135.12616666666668,-0.16000000000000014,False,False
11,8,Bottom,32.57,21.84,21.7,8,29,34.49916666666667,135.17883333333333,-0.14000000000000057,False,False
11,9,Bottom,32.57,21.23,20.3,9,20,34.457166666666666,135.2305,-0.9299999999999997,False,False
11,10,Bottom,32.38,20.64,20.5,10,19,34.4075,135.1805,-0.14000000000000057,False,False
11,11,Bottom,32.18,20.29,20.4,11,13,34.418,135.28133333333332,0.10999999999999943,False,False
11,12,Bottom,32.23,20.74,20.1,12,18,34.506,135.2805,-0.639999999999997,False,False
11,13,Bottom,32.33,21.52,20.7,13,13,34.543166666666664,135.37883333333335,-0.8200000000000003,False,False
11,14,Bottom,32.28,21.06,20.1,14,18,34.54966666666667,135.32316666666668,-0.9599999999999973,False,False
11,15,Bottom,32.41,21.33,19.6,15,18,34.6,135.29583333333332,-1.7299999999999969,False,False
11,16,Bottom,32.25,21.01,19.6,16,18,34.633833333333335,135.255,-1.4100000000000001,False,False
11,17,Bottom,32.29,21.37,20.1,17,13,34.60333333333333,135.382,-1.2699999999999996,False,False
11,18,Bottom,31.88,20.66,19.7,18,13,34.67,135.3305,-0.9600000000000009,False,False
11,19,Bottom,32.07,20.37,20.4,19,13,34.47,135.3305,0.029999999999997584,False,False
11,20,Bottom,32.66,21.85,21.8,20,21,34.593333333333334,135.18416666666667,-0.05000000000000071,False,False
12,1,Bottom,32.58,17.83,17.6,1,12,34.35216666666667,135.1825,-0.22999999999999687,False,False
12,2,Bottom,32.89,18.44,17.1,2,41,34.347166666666666,135.1155,-1.3399999999999999,False,False
12,3,Bottom,32.93,18.53,17.6,3,46,34.347166666666666,135.03283333333334,-0.9299999999999997,False,False
12,4,Bottom,32.93,18.45,17.8,4,58,34.347166666666666,134.963,-0.6499999999999986,False,False
12,5,Bottom,32.82,18.49,17.7,5,52,34.458333333333336,135.01583333333335,-0.7899999999999991,False,False
12,6,Bottom,32.58,18.04,17.8,6,56,34.563,135.0585,-0.23999999999999844,False,False
12,7,Bottom,32.57,18.04,17.7,7,60,34.54416666666667,135.12616666666668,-0.33999999999999986,False,False
12,8,Bottom,32.56,18.29,18.3,8,29,34.49916666666667,135.17883333333333,0.010000000000001563,False,False
12,9,Bottom,32.54,18.22,17.3,9,20,34.457166666666666,135.2305,-0.9199999999999982,False,False
12,10,Bottom,32.32,17.81,17.8,10,19,34.4075,135.1805,-0.00999999999999801,False,False
12,11,Bottom,32.06,17.66,17.7,11,13,34.418,135.28133333333332,0.03999999999999915,False,False
12,12,Bottom,32.51,18.18,17.3,12,18,34.506,135.2805,-0.879999999999999,False,False
12,13,Bottom,31.96,17.77,17.4,13,13,34.543166666666664,135.37883333333335,-0.370000000000001,False,False
12,14,Bottom,32.47,18.24,17.1,14,18,34.54966666666667,135.32316666666668,-1.139999999999997,False,False
12,15,Bottom,32.23,17.93,16.9,15,18,34.6,135.29583333333332,-1.0300000000000011,False,False
12,16,Bottom,32.21,17.7,16.8,16,18,34.633833333333335,135.255,-0.8999999999999986,False,False
12,17,Bottom,32.38,18.84,18.0,17,13,34.60333333333333,135.382,-0.8399999999999999,False,False
12,18,Bottom,32.33,18.64,16.7,18,13,34.67,135.3305,-1.9400000000000013,False,False
12,19,Bottom,32.06,17.66,17.7,19,13,34.47,135.3305,0.03999999999999915,False,False
12,20,Bottom,32.54,17.97,17.9,20,21,34.593333333333334,135.18416666666667,-0.07000000000000028,False,False
