zettaicode,PC1,PC2,PC3,PC4,PC5,PC6,PC7,PC8,PC9,PC10,PC11,PC12,PC13,PC14,PC15,PC16,PC17,PC18,PC19,PC20,PC21,PC22,PC23,PC24,PC25,PC26,PC27,PC28,PC29,PC30,PC31,PC32,PC33,PC34,PC35,PC36,PC37,PC38,PC39,PC40,PC41
00000275,0.03501927576069946,0.04194091292513814,-0.18388063604288274,0.18676701996615394,-0.24822062907101922,0.2347391485988936,-0.04039431978510579,0.07979254119214065,-0.04539118837390312,0.16058618958254445,-0.15048348341801507,0.2244965242450253,0.02524948913502786,-0.03029139333975634,-0.048157106962614674,-0.00550179274797479,-0.21315851847269826,0.39480551187511953,-0.1991804986402414,0.3545226948065703,0.2315316140794331,0.06974882879282158,-0.14404099533350478,0.018899110880319,0.026426886008951794,-0.05306444996925819,-0.057423172864844156,-0.1455451474207788,-0.1321975063134352,0.026586208275656515,-0.1536367950239772,0.0309036413969198,0.09494889219659547,0.045515688473809296,0.06205340797014931,0.028991793627009148,0.0077302299465404475,-0.0022365574969388726,0.06915248282037936,0.012192636579229608,0.047166390147020676
00002725,0.009358487681802403,0.13056006814989649,-0.020577102118275317,0.38878245583719756,0.15839335541947616,0.22907806205341782,-0.17287907439224692,0.03990340173975522,0.025164198566785263,0.44631388497475977,-0.11255519227130842,-0.1585767744291592,-0.1664600157697613,0.06066739258218842,0.06173620300137353,0.04841772277073243,0.11347991754854637,-0.15099744593070263,0.10630757047313837,0.05889730784193436,-0.07539292187528833,-0.14156046821595086,0.054870754699532266,-0.025934947089848268,-0.10949070731587626,-0.13987429280382924,0.011740180574312387,-0.02871859592370368,-0.12330512188675197,-0.06666345745808534,0.10843396066452184,-0.0056481596188474766,-0.12069763823060121,-0.03919543920571041,-0.04479927126536522,0.14388925094110058,0.0362658488783838,0.16485173584677243,-0.012589744139950086,-0.07148235026482472,0.18674701193206067
00002737,0.07294755793341774,-0.013678478362690153,0.14152717796710418,0.008202122517367363,-0.029475740899757963,-0.12129522910631654,-0.07842411171406906,0.3005644629548625,-0.047131001525419734,-0.18255674884006376,0.21638471650898114,-0.07506160964685955,0.046030443568159114,0.1178307029698067,0.07849566009086685,-0.07199167588944982,-0.2277446527008786,0.026501899173504144,0.021599500886380338,0.15629852525281396,0.1000628331045863,-0.13664108515183604,0.11418961540952734,-0.05769583736610491,0.0027786088985588724,0.1968440926056581,0.07826989310764214,0.006203790054379206,0.031731354583190326,-0.030875077863792354,0.2554663702854143,-0.04364246354940056,-0.012979968065244334,0.25511763165767276,0.13704800633475475,0.011836290153039896,0.1291040035973224,0.07574399506747538,-0.1452818700273239,0.0726611967494328,0.11562990447524157
00002744,0.06951437530549534,-0.04259566161719726,0.008320028630383561,0.07297743756497435,0.036162834816355106,0.06851401421545597,-0.10007467972083389,0.12472808049945287,0.20264120507437286,-0.08503957210194336,0.0015288194513731668,-0.040208126722012835,-0.06895872459300174,0.09726497858791851,-0.12548854590140981,0.10894444703060395,0.17420256897184658,0.10263972694935085,0.04824524425511697,-0.19456083384283818,0.12840554257897913,0.21726340357296134,0.10400529184348442,-0.19542897116242966,-0.09335915926902998,-0.12924605042998372,0.2804764172693995,-0.10843343844408421,0.010137856462358884,-0.07836135433738475,0.10225582295878875,0.1277508225098176,0.14092441393544175,0.1667370903238448,0.08394679227604124,-0.05845680231316995,-0.18579346703252422,-0.051633691116756704,0.017444425409777246,-0.07808095134245577,-0.10162035060069721
00002750,0.03126660675084484,-0.03152437379854308,0.025594486297207255,-0.009303351471875566,0.14219809433382893,-0.011950111485891122,0.06494722625208922,0.04699267215877984,0.03373761745156409,0.06487933272344813,-0.04926657095570615,-0.1242059855760985,0.0215502063055092,0.031102807426914993,0.1192322940055588,0.0014000510856877297,-0.012489465267755274,0.14103561407004955,-0.1385256271773829,-0.07307132521117114,0.16612634406209298,0.03506287025284634,0.04527915953934181,-0.13530269973078915,-0.15727798730510018,0.10651963081636288,0.08621481373463359,-0.05719737688475362,-0.09120351519372125,-0.1528056460617149,-0.011959210784041538,-0.10094294746347943,-0.041831538204375,-0.15639666492220847,0.1464046316335214,-0.1161493711033386,0.08303235330137723,-0.07379605269255754,0.11665547174953209,-0.03077048490237624,-0.24537507375288226
00002758,0.05090958879819286,-0.026873575195342805,0.021379438829309205,0.06265474862483893,0.038637022345948645,0.023031455957772187,0.05175784106817636,0.04059985107789237,0.1139464864730464,-0.017692393453189903,0.006031804755636076,-0.02107887677505196,0.04418335106167601,0.01660664578296068,0.07765146965253152,0.011318064333452043,-0.02410471057712072,0.07419678804174944,-0.10904553660677975,-0.03964182127114463,0.040721120744861596,0.033331059521436175,0.048680721863087785,-0.05180409354109625,-0.040205007761438746,-0.021591719634860597,0.06550145892171204,0.06743134431799061,-0.010803545430846457,0.032614585850133236,-0.008872395818075259,0.028330931113538706,0.041856639944248424,0.041269844268716875,0.03513723353239006,0.1258326907420706,-0.1534337442990201,0.04381754233373022,0.05564823416521349,0.013864205003477178,0.3261786922657801
00002811,0.1283382927996668,0.15448972572893155,0.1930741004034171,0.013547525154883092,0.03114792182325379,-0.10237605571319953,0.13290965393806176,0.054675474068315716,0.14245984076612345,0.10635743339362887,0.2555514426399721,0.09545420951268548,0.08252900170230149,0.10123687826136189,-0.16693833930322383,0.1404161954471683,-0.16697443930877354,0.037666185228051374,-0.0010125276784818283,-0.1865869061680512,0.005043501692780117,-0.11380912016044757,0.09265091459779777,0.3618078414427116,-0.12404028042683772,-0.11021231826632732,0.15062584926558362,-0.1625188000767243,-0.07086436722828575,0.06963846096920263,-0.13508948228436937,0.11051046549246002,0.026756129561326638,0.017982461476079032,0.007714733449996755,0.140761530176904,-0.014268979976740832,0.0182449212799861,-0.005940156013449655,0.09505851822141845,0.02040927783927058
00002823,0.04450758101553937,0.4536870961859086,0.43390511459481607,0.30704315562037104,0.036615760333048274,-0.025713637760208838,-0.11964830104462697,0.06640300570253357,-0.0965765323090344,0.005191328529935215,0.06255408271221267,0.14665737121801808,0.06397140676036159,-0.10127595565692873,-0.10285209295366962,0.15673865484151167,0.06864212853541336,-0.037993023195655735,-0.023499256430938455,0.06600450212991626,0.012508017605744066,0.046154145744489575,0.06194363952835897,-0.1141999701996568,-0.05096159446421584,0.07969633466568812,-0.06411078481989645,0.039923684281310295,0.19054109258159668,-0.07008279884350027,0.062037994722265344,-0.09521814709466404,-0.036940596671502866,-0.10631504055486099,0.001967081521673037,-0.04848966095782938,-0.027837572670402533,-0.09636927821639496,-0.03847946488660359,0.018342398568775314,-0.09342973912371713
00002848,0.06579602508203959,0.0034431620584558227,0.05765833543221181,-0.029424192681788013,0.03578873288264512,-0.03699121900590418,-0.046616656847016796,-0.10026555803004732,-0.013343364185419627,-0.08886639668451207,0.017233897868409096,0.03152322903938168,-0.0751490023085901,0.054524852500072045,0.07157204624976943,0.04235970801699685,0.019855177895311087,0.006010370648490595,-0.09561536062315056,-0.07562815136772988,0.017863241012026094,-0.03678503691685622,-0.016913205742654824,-0.06713432468439752,-0.025266404040095322,0.04486097493616266,0.05437469271040292,-0.029779052206273054,0.06389726019964291,-0.0557364023451169,0.03664104439946657,-0.04027980407978854,0.03226333719222354,-0.11008985732586574,0.21686538124200103,-0.015835212403126707,0.11271748531883882,0.07785151795864213,0.15520738762613515,-0.13284298461734045,0.052293405141152285
00003078,0.004345352698579425,0.03362003025930186,-0.11141716921782725,-0.05205658710971755,-0.03609639928484681,-0.04351447006300014,-0.020209320043572284,-0.09152922836826116,-0.055041605784421126,0.062323798480059645,0.12219786248347916,-0.16946017988555126,0.13762058011072922,0.061845030710712345,0.16917550660928263,-0.046363372317416295,-0.04186768594602919,0.10565973442650779,0.027235594240280592,0.023455831228621587,-0.12109817077366719,0.14506698372144844,0.18878975848006654,-0.04741649836572736,-0.09301401229384679,-0.2551304392800075,-0.019529604156429514,0.27747856926720726,0.007098554132189327,0.07539616677173999,-0.0033925098272151112,0.04315866852267658,0.04926483316138176,0.10882719554529151,-0.001415045778331774,0.19710737329298642,0.036927216149887525,0.15304909597209074,-0.14134038981651967,0.01674785087374601,-0.030571605217454445
00003086,-0.05245971115259342,0.13075329393629523,-0.04623395310659353,0.024085813027222947,0.11252637914819616,-0.025821304960157634,-0.02018827532535027,-0.08972112458556704,-0.019909203636096436,0.06446473548671935,0.004488302739224189,-0.012571129453445505,-0.06690307563452468,0.0736649580441866,0.010175787535958443,-0.04949825891762764,0.04701458181402578,0.0079210262294135,-0.17659222005661734,0.0015697671984371022,0.08197336558134935,-0.022225976048445943,0.021531169565352823,-0.0929409531166256,-0.09160271936791613,0.03647223428267343,-0.1358292934339236,0.028364380202979007,-0.028179990592697116,0.07607048670161229,-0.02995983275912872,0.28251430762691715,-0.030714058742786102,0.19511246162350915,0.004007682762175011,0.08989169847638744,-0.08646523938096227,-0.24515109642511493,-0.013511559830721687,0.2312252852690252,-0.054039918320686664
00003695,0.015260235955782015,-0.0028526641373453313,0.03625074570172052,0.08413499310943659,-0.007279305579623672,-0.0006263567042804326,0.004368640443902853,0.10063394501354032,0.03080579608873025,-0.07776022962341787,-0.09523047385022503,-0.0033376209988479413,-0.10267072681361084,-0.17796426705666582,0.02037210287095829,0.019155308718672652,-0.09927208688344262,-0.013125737570183597,0.05533235995901241,-0.015318166375544444,-0.03529674043799545,-0.09506326097986,0.07119304056927626,-0.18654016461387307,0.12504863500628097,0.18258080780358474,-0.0400649253874057,-0.011947463262900073,-0.022980274891392406,0.08676422270171358,-0.0006777148437550727,-0.03457229367483158,0.009394093137622822,0.04728298341211752,-0.2134298847985182,-0.04004401638249372,0.07043836400400665,0.13531340641540443,0.007946187599755468,0.05881261775056967,-0.17947193551579224
00003698,0.03489083546274055,-0.0028592054661053415,0.017959853764103608,0.09199252128999354,-0.006478546192109584,-0.078916568292006,0.15434770362981176,0.1535437405891123,0.011434402480355103,-0.0258980149018992,-0.034794558348098595,0.00038092031791594913,-0.1129081978809418,-0.06918893097656686,0.022972361772119455,-0.011498487437929313,-0.04004077222311574,-0.00486883692490619,0.008101278028367813,-0.25391514009813304,-0.027056329949777202,-0.1593756883833301,-0.10870550561379248,0.050274763310256064,0.12371722125897582,-0.04393523511681499,0.017724056253127285,0.05478884505042059,-0.02883101767010205,0.1093691381522552,-0.2208615875185351,0.017958036786671926,-0.1843019124583961,0.10084357580837253,-0.04679401135271896,0.023542023387121153,-0.03227496952752892,-0.062445928040668855,0.17140474088960392,-0.21980712154945678,0.11593696884410067
00028119,0.08025276367027645,0.016603286997979735,-0.05321066562369029,0.01254897928316134,0.03777162841903098,-0.019629315901499095,0.05784866527913592,-0.08215102831395088,0.015826575816022,0.010373647955550227,-0.038673680345227716,0.1314054133031995,-0.0844024183268246,-0.08627739033055237,-0.035407877162944926,-0.05550974788703918,-0.07252597832866126,0.0006323322402580644,0.010602655587889788,-0.03025503872405362,-0.004933237191995329,0.022823475517474354,0.06929400111463807,0.07329132603460684,0.12072247026816407,-0.11713455971476967,-0.07840005914432144,-0.21721637595834714,0.14097830782055049,0.2053930107573031,0.01826395033356854,-0.15387023329495123,-0.16320238697289616,0.050819181339803975,0.16173945554621857,0.1548323166573453,-0.009247937970453986,0.02368059324357395,-0.17652780554568406,-0.06954290941382779,-0.04456377746125234
00028129,0.13626129838409645,-0.05234042274057092,-0.06579962395286851,0.006899721966289657,0.03935833191174523,-0.01702501910001551,-0.038952952931897995,0.04676847173813411,0.06851751069025358,-0.05645666685255562,0.0002803243873649883,0.06150334836225153,-0.0072290604151081595,-0.07118905889939033,-0.1958135198717289,-0.04150420451014586,-0.008101018569187223,0.03477154276990037,-0.03622253639202363,0.0823847133039878,-0.05963622720191216,-0.01121939209980838,0.05145597258750179,0.053738990419775076,-0.06386470356038643,-0.025237211663384974,0.0011315316559960108,0.014735567424835082,0.015444579650785335,-0.08818125178188022,0.03726518883991512,0.12513905068110368,-0.18132329459010366,0.030664088754347944,0.04271816955637878,0.032565296918486523,0.03810742697422815,0.11376783739425501,-0.0926959075654016,0.18101349123156785,-0.1103262090585451
00028132,0.14232640012885053,-0.2154123689056148,0.10941308571019417,-0.0850725864994464,0.11223878133950205,0.17125623958594788,0.2419438460743402,0.057881869736528646,0.0365773561072072,0.09706721446712299,-0.08968186433237632,0.13954796789742116,0.15964111751629373,0.34874389238391745,0.11900772964386361,0.15729925618154128,-0.12015053743369812,-0.004921726452552586,-0.23737833738741856,0.012179515962061105,-0.16739001439453327,-0.03158376929644938,0.093894971750543,-0.07074839957275428,0.3049448323478241,-0.09392632971833878,-0.14225298831913077,-0.15531880220660957,0.01262837477215916,-0.1428816425182419,0.11929202000864657,-0.09532356089243152,0.05373084168432178,-0.05778348288434624,-0.06701317237575313,-0.022563973501608707,-0.09060696789593282,0.010974768360155832,-0.08167506690300884,-0.00555696167342763,-0.07361786732872723
00028143,0.20707766104627162,-0.07639864423068808,0.12280293677863499,-0.02377355660178131,0.09886483397260774,0.06454189379199991,-0.12764732127450826,-0.1356933689915368,0.12167977802072999,-0.02631325959212533,-0.08267453963490616,-0.07686877077984747,-0.09392808309779198,0.00825599747523018,0.08804214651909555,-0.02223490379141354,0.026302004207842383,0.07348886035362552,0.1839415492551674,0.012500906551251838,0.06441742123377732,-0.09411026413938905,-0.2033772497641354,0.005652929673384613,0.03493677833237805,-0.16453003700960744,-0.036597559922388105,0.001962390669187936,0.10155720460444619,0.08291359528480709,0.022843332853417483,0.06029343705496752,0.14105649019933053,0.0560918076812155,0.10187294955219196,-0.1981573121771359,-0.12946910912704473,-0.16747289125886775,-0.15163451927170526,0.14502356323859622,0.22213519594292885
00028150,0.18129823635811332,-0.08585290960697314,0.19330340112190236,0.05733472248979247,-0.03227430115692164,0.03897074996876686,0.00984741386387686,0.03625591610817017,0.14327010335041035,-0.11039595083743826,-0.007475381004678849,-0.09938143632499206,-0.08767831650616767,0.012421848660223224,0.009117386080256402,0.006077047853277221,-0.027721335655357796,0.022677236282365287,0.2570288131701021,0.2911316175567391,0.1036410394381579,-0.004085860743066616,-0.04094731976537436,0.04530035629095959,0.10736306455289338,-0.018395407664616774,0.06272142541879559,0.0798090374472624,-0.21990214893240406,-0.19156643920148234,-0.07274247623870678,-0.263943789950109,-0.060823027731880745,-0.07658128652773936,-0.09231911132074562,-0.05596457828660075,-0.05257028912969902,-0.13261425313149627,-0.05035342651711639,0.009407277809909163,-0.034221596722777484
00028153,0.2506345854929334,-0.09905361330324061,0.20359674845733872,-0.054951315375449256,0.11451287094666268,0.09584407745019323,-0.11137663385794508,-0.16727507136441894,0.06794175554054675,-0.10419239649644399,-0.0007561878951729317,-0.07833014026085679,-0.14201155827505837,0.09502600523255203,0.3379396692061339,-0.08920563587052308,0.03176974825576952,0.10947120696990259,-0.15562917365304654,0.08049839714161873,0.18361340029875148,-0.048635805757210875,0.17366183901479784,0.16399429330074108,-0.02762598291038135,0.09808681149732579,-0.010141441571832525,0.12802127525041232,0.1448574249589821,0.019078018186347093,-0.17070816992352122,0.1734134589899788,-0.08464978078398401,-0.07334685622792612,-0.11316122198461308,-0.01818033395671017,0.174078507224077,0.07003563672514669,0.18179670847397303,-0.057848150738879466,-0.00813069162468705
00028168,0.1876020397171382,0.0217366131257814,0.09068464242283646,0.03441652255680937,0.07289133509176607,-0.037373305331375554,-0.024359192700742615,0.06750378145781463,0.12017030633959254,0.11676431520446806,-0.1018859858841102,0.06134521128962274,-0.0789157162125027,-0.22179962049906402,0.12917308730064705,-0.24103032212520054,0.005235302867632196,0.002065000406316309,0.0038220536821360128,-0.14000595765571663,-0.008108932556129506,-0.05187996206934247,0.0375101767915054,0.11608233839563178,0.2115027831005953,0.011617822402113313,0.03861170072933206,0.1094369973752425,-0.10562776849264675,-0.13589139563928535,0.09429997091530366,0.024589007370166054,0.009626904133303972,0.15270177621809897,-0.020895709627179616,0.07999745555012153,-0.009088419406619731,-0.009268219065808032,0.03242373006495499,0.12467194451965695,0.1240179476217951
00028169,0.24938320676952347,-0.040799869610033,0.17582187544866934,0.025056836605329015,0.0866244203386904,0.025623705680718614,0.12900955576647138,0.05848574128474129,0.13406961631533978,0.12535101405969368,-0.14071640847445335,-0.04755892762312127,0.054328778983296716,0.022861091460773027,-0.10222761297789207,-0.2065958199483777,0.021862525486987677,-0.022172219499875127,-0.00393702205483738,0.05083775950772738,-0.07221880476541617,-0.05934670691615154,-0.1278129033818298,-0.08048769441925988,-0.03496622969374167,-0.09226288548985424,-0.1308752798199513,0.02011056465868083,0.19480628849127254,0.13177768167589604,0.11892744762173578,0.030922527365075236,0.13329106836716692,0.00039546544392639056,0.0416648650548868,0.2960119939564774,-0.012174979146255264,-0.09158500157719855,0.04035410662379583,-0.03990077693512042,-0.32457279097427044
00033182,0.018954007772602036,-0.05716012921136297,-0.03391400999288403,0.09374712112876646,-0.03579001481528578,-0.20663937517850958,-0.013309444508834624,-0.03169937583024402,0.12523282238312256,0.1857704487520192,-0.15613777486044364,0.1597886476994325,-0.14563817341660426,-0.32516078907770984,0.03654138426121779,-0.05371804139089776,-0.19452263958910443,-0.029856353727591847,-0.11237140769547001,-0.0612834637252295,-0.13595110683887257,0.2684725119436321,-0.014428586929989716,0.17552481351582438,0.06511765947769727,-0.020415600536902695,0.22845523176513205,0.11488319088646974,0.2667690423724386,-0.09863649460161025,0.039173893899022844,-0.025942952643812373,0.08446818745870427,-0.12147726548634541,0.027126999081129456,-0.07577052419443087,0.1370319899261556,-0.02714747555082565,-0.06580929588038464,0.02387801964981607,-0.08465636594263769
00033204,0.06963281806929171,-0.004220157311195229,0.01994334603473687,0.0038700123292040897,-0.059518343912025165,-0.052956196732132706,-0.08543373377514804,-0.10611908276388515,0.11132473743966008,0.07154307250585909,0.030140139898071565,-0.10840320257513095,0.058123435877722736,-0.1011958013073876,0.1709801220639189,-0.12903031706794146,0.008260811333526222,-0.1527824863928234,-0.18527129011809595,-0.12240424118747102,0.06903302201447492,0.09568009675540506,-0.1709546261190999,-0.13273767340283776,-0.15355810375157614,-0.16521543062191818,0.007948625103321172,-0.12285491394092292,-0.0651540794804311,0.05403352495288642,0.059171070091704026,-0.2101244323938058,-0.0742092400806328,0.11395227056546815,-0.06234168158428209,-0.19675153264185755,-0.05321744394403625,0.07202544691340745,-0.11006188730579854,0.10572778117654175,-0.06657246808292976
00033224,0.0056519939925878315,-0.006002242332257526,-0.0007938453939196918,0.0014715393585068425,0.058375606196977445,0.003828985065717436,0.012100051204483875,-0.01261250922249192,0.023830847078115273,0.024511654897065565,-0.04390891977656239,-0.10800212929083568,0.10946150993124457,0.021998605024138338,0.10528735909103891,0.008805408145617425,-0.1398265271103434,-0.08932939427185545,-0.03909209659160523,-0.05849505555560602,-0.0606878258109324,0.09457100966010298,-0.07525857422311323,-0.023271004174677694,0.07106542548541517,-0.029900655628368137,-0.027418374067054573,-0.02889275493994467,-0.11511851611192263,-0.04746171853038299,0.0037621780440929876,0.15338902008124128,-0.2712564073035221,-0.1468011524018364,-0.18861403558499998,-0.0702252530640609,0.016956000569292147,0.007544114799977461,-0.1006287020345891,-0.06752275320316328,0.13483025133532786
00033237,-0.02126665337544663,-0.07154182463229983,0.07527449160676085,0.0456663678013801,0.022395773729232238,-0.08699306552236263,0.0006749739978325652,-0.11815724824629989,0.05406718143413022,0.01761176376957165,0.03330234056655017,-0.09986651997738374,0.014600998527168391,0.12465878185008834,-0.09969096022061451,-0.03740705250832397,-0.10960525088353648,0.00020831292539711565,0.07182803090287242,0.05598789134431677,-0.0939622853711548,0.00860188770743898,-0.16335579227916094,-0.11047296024432304,-0.044630754429459706,0.003183152725554061,0.14094430206512318,-0.09999153545790264,0.10138304314336061,0.20780348299749582,0.11712293465742286,-0.05990754647868583,-0.24016543322822756,0.05729517502347983,-0.13909112442204843,0.06457666222199439,0.14119829777287035,-0.15526364274638757,0.18438785861343054,-0.037192712409866366,-0.0522102768729498
00033241,0.0988146465799384,-0.10365443161715598,0.011988984313837499,0.008977448172861884,0.12077099008315062,-0.17173871111671968,0.1661962329559842,-0.21566679539311304,-0.008889027668971051,0.02523242704248592,-0.05580497286148488,-0.14698433105388098,-0.02376588239885033,-0.13678570544254792,-0.20797751711075646,-0.09923285934013738,0.04592383487173759,0.2845171018967394,-0.0039824110761723045,-0.14187072896297118,0.12604577076295295,-0.08655959141594413,-0.043032524221336854,-0.24276607496737576,-0.08041461586265514,-0.0299881613344928,-0.18122093465175257,-0.05207908567216473,-0.0851711957641833,0.07467725783599753,0.014814459096360429,-0.12081611577204066,0.01002844944613837,0.0076255562216279715,0.04559995294488416,-0.0394848209335959,0.06496121052357884,0.054332545944190326,-0.0018622193339763518,0.006893456983927195,0.06643518574772968
00033248,0.011255522378419286,-0.17383833558395148,0.03763455968956928,0.09494760568813423,-0.11621769769083036,-0.06553332795797237,-0.10146531828838565,-0.000730261984542476,0.028819253084213334,0.1295463459437071,-0.03909894069566497,-0.05308176837665594,-0.008452688876016983,-0.01929704072886247,0.021453724117524237,0.01722646612001957,-0.060033950897388236,0.0487985095223278,0.0019270431124743873,0.01759238730952759,-0.021394777977096394,-0.05709702980939167,-0.06715640039426674,-0.07484929075429657,-0.05982948959734453,0.14012967472986196,-0.07205529271247604,-0.17620082319987534,-0.03328525564340348,0.05621300564900521,0.061730797231652486,0.07167027180929735,0.03913066992183617,0.0371411729628413,0.06994398174450238,0.03212545476072978,-0.10393752197751115,-0.07801308714623419,0.012291205328920127,-0.05047523860714384,-0.060275916333359846
00033276,-0.08602302437852882,-0.33287113304162697,-0.0017929438337166718,0.20300650496256284,-0.15298874371719953,-0.18340221665886558,0.029354215430379877,0.1857655167328552,-0.1750225347108519,0.07373737974301528,-0.16681908459944922,-0.2381376831884045,0.08596326293549093,0.0783525092000303,-0.23656101463598783,-0.0017571799129578857,-0.2055579898565609,-0.039669273690811996,0.004745979773813539,0.001936672582525857,0.03559292986925317,-0.12558506692367832,0.1571867087581146,-0.010640271135563628,-0.07463700754675089,-0.08514693978085164,-0.04485089345681446,0.139620341327476,0.09874462412543814,-0.06389074373637037,0.027510966968537286,0.063891800984932,-0.0619932332072942,-0.062442760215879224,-0.04656682867654,-0.09829432880296414,-0.04046134294906012,-0.14600641595197564,0.07613861828880987,0.021557656236190208,-0.0028171289330088736
00033277,0.017144878442352438,-0.19141302424462597,0.06686747564736631,0.09588119972400962,-0.13994033764003141,-0.08838073963500219,-0.10131324271209828,-0.07515113785778069,0.024298406152522174,0.2333536536998711,-0.03590220332865574,-0.15778764007333068,0.06784753940227894,0.05446509221706826,-0.03794829919436759,0.047852909120335824,-0.037038426971031234,-0.15511701683797346,-0.23815406791356908,-0.1205647719608448,0.1423318200089542,0.08582034895485095,0.05171873636657172,0.01379914825429617,0.09457427419809687,0.2853558302036409,0.13495889102834904,-0.014923069152549236,-0.10885133965975945,0.13894531996477646,0.008198744352839828,-0.035246141992438286,0.050375533921762514,0.14741567966973182,0.12546840642359564,0.00371605282260867,0.0587722362065154,0.12282507988264423,-0.15263795029247187,-0.06037518967838728,0.08845297516840732
00034285,-0.02511531792155731,-0.2475272349548705,-0.008013835158606562,0.0156500202056294,-0.13628104365748006,-0.11938157490035288,-0.20437836819978825,-0.26731279245819634,0.023773201431404854,0.09590697798334907,0.229095896056781,0.2999415063361656,-0.19959020834218935,0.0010825497538899584,0.08275043978769586,0.12133923917766339,-0.059915740851639594,-0.07549211225723544,0.01666951539242062,0.10197647766092864,-0.010223537645575688,-0.18960577805460832,0.2120888382617048,-0.2072100349105223,-0.08990785890434189,-0.177912619095484,0.07245384765694529,-0.022858630014582326,0.048572668923335116,-0.16473751864523647,0.10144329494012146,-0.0538528296759304,0.15427035125818253,-0.012531386397791448,-0.13156064534316814,0.096611413668149,-0.020321382052578874,-0.1678338978744829,0.06905082977436595,-0.122891142506592,0.049297842848041326
00034344,0.03271725668580712,-0.05802098483725492,-0.03400093779191112,-0.0020343635633144133,0.08992911227143209,-0.004641057569683734,0.03181100330536884,0.007588129250605837,-0.024505530562857803,0.06699585506991043,0.0837158184208573,0.04894287869914444,-0.07391824062595817,-0.0005286177384432348,0.038314713770465476,-0.03796857429026791,-0.0649869181511079,0.0655102093309691,0.055348898050364595,0.05174228063458735,0.04636358563829322,0.06611273764640355,0.0375735905751023,-0.11500933540135136,0.02763363286060139,-0.06338165438166465,0.08959255110607849,-0.07562130012799954,0.03069603619187744,0.19421198519601157,-0.013314925099756094,0.05211088227952839,-0.1129641029833423,-0.15646143109229815,-0.03344405056935845,0.01719892810173529,0.1480260737651747,-0.04161004288052204,-0.11456541372682356,0.19063355578735253,-0.03974602355690185
00034352,0.03438805986990185,-0.048910631364801775,-0.03524194326693254,0.04277422122655983,0.1001473763417861,-0.018603085736486367,0.025019281312441414,-0.037119205578407206,0.03024931251469914,0.034424041315731006,0.01431061358566417,0.02273476868115871,-0.06361267934226074,-0.05197733736428034,-0.008847287026962034,0.025157419981834586,-0.050546644731325384,0.04491850288579916,0.013328524590311981,0.09363055369668355,0.14564658442959794,0.017867668431979147,0.07086340691575348,-0.02939693104356732,-0.0616917646712799,-0.05988261647258884,0.16485440858373843,0.029430621377953665,-0.11033759379929639,0.1286327516199013,-0.12634938805852408,0.08077320997804376,-0.20622485100383878,-0.2128004747784235,-0.0035262021339060676,0.0896676259378886,0.04852539999761387,-0.017863040352777377,-0.1279256417506165,0.11894497804021505,0.06438727446360158
00034363,-0.004899683137729664,-0.07348627780960758,0.01920673164351125,-0.011281325617407204,0.0848810219734138,0.0744421734628095,0.0664435782654259,0.02908396128559346,-0.09452044349254025,0.09772628035624922,0.0388312811489543,0.05729993840860592,-0.04118233366473465,0.03177711898386339,0.03403090848135576,0.08068796431705273,0.11832719848874008,0.1259295210110361,0.06956759781757946,-0.008833941468219069,0.011088373087272256,0.005590279313767688,0.267626239120308,-0.020889809338378737,0.09504054380564775,0.11189273683709033,-0.025334888796883285,0.16755956421741103,0.010462904393484167,0.40130181651960084,0.0019265776413883227,0.07198948443221424,0.14965046657531939,-0.03773413290554001,0.03409514886774386,-0.026814400384530746,0.17705301948534874,-0.12469758942018948,-0.10147839293488026,-0.04305264135945155,-0.06576380407648512
00034376,0.035983966216644785,-0.02633105126384813,0.05367753447704545,0.012346731021141921,-0.00018818149043592258,0.007331862733509104,0.07557403396290656,0.028325549201607528,-0.008120329147186908,0.12936375183952514,0.0754412414352642,-0.00728992720277216,0.022148330455049853,-0.12403345331273614,0.10520966001257907,0.07412522807002112,0.042815080781356256,0.12483463525156674,0.19839156369897332,0.0018025635291746141,0.09699968357619876,0.2332705703754735,0.1433122666963153,0.049374224297182405,-0.009444145614232827,0.08279462486189897,-0.16296424309150065,-0.12213779037863516,0.18447325868478406,0.014035803304856273,0.03690498162792525,-0.010285464535542544,-0.025374001869231885,0.028333982154761975,-0.024142176097580872,-0.1413288680486579,-0.15122181642105686,0.11039993311357252,0.11863091469872315,-0.10391533890493641,0.0018149325839252716
00034390,-0.05720203006833135,0.012931128717821544,-0.057722154044247194,0.2177238244602559,-0.18391120330720176,0.11940041805127033,0.23103401717910999,-0.046673976909317204,0.014163518485413461,0.05137146268791145,0.12985183684205573,-0.16840452216341875,0.1295736724344324,-0.07854096829348513,0.173570727644145,0.2502603698751115,0.1342781576559846,0.35120155627511923,-0.004659961552831198,-0.03331174336241221,-0.20577350153308976,-0.10940339644173677,-0.09090409403123287,0.0886337070810517,-0.08745449121695659,-0.027179488006302887,0.06377929603509519,0.0026269555537168135,0.1654486606256792,0.032144586012634535,0.0892579486068749,-0.03762275685808977,-0.04171078359517042,0.01625936356462915,-0.18688434916751534,-0.14007227383635779,0.0875327411985027,-0.038492179548023794,-0.07399502454216084,0.03114745100066006,0.00885588122650551
00034391,0.03840621904148358,-0.00615929142965116,-0.04606391339013486,0.028714320082762534,-0.027733530941658084,0.008600237191883168,0.16212837423800214,0.004298872828955109,-0.012598000140081595,0.08748383624415439,-0.05326666199348959,0.029670869347340097,0.030994261652786754,-0.11860136032777166,0.07003022534737012,0.007386959366394856,0.04178038479293016,-0.05456951008392712,0.13003517238793377,0.06148438794059653,0.16536777005619505,0.05500469509277251,0.04143305037347324,-0.15524759781903322,0.09080147321236741,-0.004821347693809773,-0.006888500671924613,0.1282714614403915,-0.007139379167890666,-0.06321417358653195,-0.09005878715682063,-0.11530649927374594,-0.01703311225326424,0.036603371113311425,0.00454996478539675,0.08043169144951086,-0.055147560319364866,-0.008101621239358802,0.052982620469122985,0.28557378447228116,0.018416322270936626
00034399,0.03154278123072476,0.0308421914495498,-0.04916656662569803,0.11200923832705932,0.004553615480548258,-0.1006024556893146,0.19663535059761922,0.014118704096848532,-0.012293826704426062,0.12218060531157257,0.056252578021047335,0.20782243035254783,0.23666474933533635,-0.18631444134155786,0.01720601959638373,-0.05584361586809782,0.1096229019969518,-0.02560577465118545,-0.027240610840656716,-0.024462663914545837,0.09782741199049456,-0.1294076365018765,0.1961403178137298,-0.2598917090210388,0.11295038139652523,0.026014357079724888,0.09138580819860882,0.15961306955037283,0.014247841474580188,-0.022291048557532528,-0.07804944533863979,0.04104832119913874,-0.04626669088374625,0.12464457856766012,0.0504795464975704,-0.08100756432778758,-0.07494375583930203,0.10180766726037863,0.1664718260864157,-0.021193826719497568,0.03590848820408727
00034411,0.02634596512987175,0.016931164775763244,-0.08007763297272177,0.12926363331795007,-0.25686011468808523,-0.0892543473190697,0.11788856112733417,-0.03691434337565022,0.15145076427196952,0.05487422254266845,0.14325841154094324,0.0009698161058385397,0.2723323744726502,-0.01732410235585654,0.3121820250230299,-0.15116504787595794,0.15089744450435563,-0.16753654452439265,0.21444038103746935,0.051192539865203134,0.01472592659858836,-0.022883312340179027,0.043379093528464245,0.0186407445875385,0.05891029538999637,0.005219351774609843,-0.15299805102325365,-0.22367521111384156,-0.01769378138948841,-0.06921503546127801,0.0435486735322791,0.23723945132874652,-0.06286721377975109,-0.0954875645485985,0.22554185809145064,-0.007022472333898354,0.08266254130211872,-0.17707641701686525,-0.003888712144670709,0.03766799926604423,-0.08785846957343577
00035412,0.02794994173499523,-0.04033575709825917,-0.07429779544075316,-0.0007505663264589528,0.10363220331893629,0.05189306808416898,0.10814283428961542,-0.0003120923750177991,-0.042387444407998916,-0.03866823430352541,-0.023721768936726225,0.025249849110140152,0.039221644738001916,-0.024774888864702964,-0.021754841717429155,0.042122854788396384,0.04779007812501632,-0.11855649541409649,-0.05710453739267908,0.06732615374855429,0.09038940884750897,-0.021111921537106282,-0.14739258407041383,-0.01462716721685221,0.03982002048314883,0.018816124252322906,0.06092869768460755,-0.02963608951413495,0.1373693399555372,-0.08504550290975163,0.01422093447311124,0.10521614996787305,-0.00908598959706214,0.011846759517086258,-0.04708440417536547,-0.12856914690046603,0.10731902524617037,0.017612558232473235,0.06088708812212435,-0.004904080216426858,0.04071752327801752
00035426,0.05053816994009332,-0.05169229027881742,-0.03048418184034947,0.05040118577346158,0.05624852898750829,-0.02092327719960494,0.10003677154134986,-0.0059116308461538815,0.01723719413130213,-0.02946906813997848,0.032506525242365844,0.002148140472787505,0.10037162759887405,0.0024404375990071314,0.19103216101155251,0.04073332431556201,0.023618595092824574,-0.03562288480781309,0.09396357833904506,0.0898969591374213,-0.0030545146914719634,0.03440903483471407,-0.1556402227501835,-0.06182041595607765,-0.1372538475344874,0.0468913638571193,0.16609634653591226,0.20492709928884734,-0.08019937629780878,0.03295533897475192,-0.07491823295295127,-0.04281200590216791,-0.034214886953060936,-0.0011634856620999492,0.14016617252746538,-0.016975519537320422,-0.08356419110736371,0.013927246369081424,-0.046792884737335554,-0.20993941491400853,-0.07635882051427202
00035433,0.010013746534103429,0.039205341650579595,-0.0696642915439645,-0.02241302577404227,0.10655223071609593,0.13443849738213592,0.10583676069088396,-0.04083365841792989,-0.0951251056811814,0.01743676062046276,-0.018400667188486597,0.04680411423969058,0.04837084472342821,0.08920996345437751,0.007961934166818705,0.012616931924718263,-0.021960005810836774,-0.18667532713285379,-0.05417269350575452,0.06762198462768475,-0.061114696051750794,0.039528902519343524,0.011003480372501142,-0.06467012066820536,0.028798027889828305,-0.08546636559676067,0.15052851066544454,0.09628771506659994,-0.06358354873879923,0.08144253736880969,0.1414726538077685,-0.08428733642121353,-0.0758887051532663,0.17965828101817985,-0.026923504939855274,-0.13931229588654864,-0.042048852300605205,-0.07501676737077817,0.25980060119997983,0.14704261485348283,-0.02159333061604202
00035459,0.06460722233816632,-0.03134199947119235,-0.03166817000098815,0.0024906105226350206,0.066970544641942,0.008648946636640235,0.09548597396229741,0.00691207678790597,0.021753512823136107,9.333031125344359e-06,0.0328070594750486,0.053361997195424435,-0.008421154969793433,-0.00908847017283027,0.0521130079000874,0.025734802603112138,-0.02759027255619862,-0.08733167242785296,-0.0403654614628207,0.03297790827358271,0.0664041114855225,-0.08715153215607574,0.04815966708326246,-0.033144298482202114,-0.002448187961237029,-0.030350235602152442,-0.07834601551040445,-0.0762560232177704,-0.010394594034854716,-0.0673264382859007,0.033191597822533794,-0.026381579579745334,0.03467257765371987,-0.02331757878435374,0.05778973143759229,-0.14009603576552918,0.07949785166687,0.16168261431322822,-0.11658389831495673,-0.018006887562876096,0.03613775422668544
00035473,0.1104130556998255,-0.008070113987508988,-0.011290645478888583,0.012346008455253816,0.11029925416483183,0.03574507831459784,0.11206037757775149,0.050211401715398576,-0.003462607530007796,-0.045968151413226736,-0.003915814884809385,-0.0426509648105653,0.02052816895013359,-0.06593082684877169,0.0006003690803664453,0.13105591331122954,-0.07843963756582557,0.01797297267314153,-0.10684555723222385,-0.007049545352053629,0.044585868280469274,0.0625833446388587,0.012863703148552959,0.009614958372460312,-0.09466135620457294,-0.05550424637295659,-0.08344419650347765,0.06021607362606276,0.05109103123947626,-0.10416373892359476,0.12776892567480375,0.19452254949414619,0.008377589518315059,-0.054070604143731556,-0.03547517380751519,-0.03705164068576224,-0.05006887826237189,0.05759466891122706,0.016462534234222122,0.056390360913854486,0.03773611102983047
00035484,0.06328655552187723,0.003919333184652273,-0.02926175962910594,-0.01492642883811893,0.08076452843133904,0.013068049720983846,0.050492997978067666,0.02106297209173251,-0.04373860978696739,-0.08146626580378016,-0.013110089102206877,0.05814324050076986,0.09323250368165388,0.030719419607666817,0.05197698051823681,-0.019277459150477093,0.0011089414411871849,-0.022091633254148445,0.024405899083663734,0.1255555808679939,0.09888892510787627,0.005837799949793625,-0.10049328726331334,-0.012680291007952588,-0.20369979076624872,0.03155328723766554,0.08760752496261472,-0.10561854491419691,0.06575845776304767,0.12476757305500946,0.11770718600663263,0.00044563056516043394,-0.13398186801599296,-0.13304946439935902,0.16452176321316705,0.05085347981642628,-0.03619670907486912,0.16479531075239826,0.1685840515798371,-0.0021094092174623203,0.039323646212602884
00035486,0.06934047626445664,-0.05260019705130361,-0.027990285862662525,0.021349146892684055,0.06932843986336296,-0.01848448082613828,0.06136641709754949,0.10804827442078822,-0.05658766891478294,-0.052851615400685094,-0.03353965093207059,0.03528548777025722,-0.003309445733594941,-0.04297973084752343,0.024679089337070966,0.019066560108183025,0.06001356078153851,-0.054950756901587045,0.0038365298855529864,0.05895474180465156,0.057176549739939,0.01510920096205291,-0.15932976962614673,-0.02297271943411497,-0.03883280159432457,0.0333186010261097,-0.0013515499178112264,-0.0015302997466453796,0.1881826180357612,0.014545056703949857,-0.014997372643309703,0.12014630601518371,-0.060900503664947835,0.10677823852798612,-0.02718857129329996,0.10324514288433174,-0.13909551901910228,-0.07216392456894376,-0.024693725127734264,-0.25792728731623743,0.10601815552290748
00035487,0.04439697261986217,-0.07764029195479763,-0.027951086483442033,0.010522607741829613,0.06785978899309279,-0.00281724380107749,0.07046726898101445,0.079149883131193,0.0019458009062569934,-0.030209851762202023,-0.06820827807285564,0.0471941405542472,0.011368725202363629,-0.06937904461331829,0.03527734081662994,0.06553700687321924,0.008631975414764625,-0.02714750989719451,-0.054977235307331646,-0.023683498175012255,0.10207120616300622,0.08648429362714709,-0.04599455542636771,-0.002281806123020727,-0.153652628697289,0.07719907651929532,0.0007719261563491524,-0.06660429952464413,0.1939619083466052,0.018306478609957027,0.09083130976690526,0.08117604725576569,-0.03818292602648499,0.08922284369950291,-0.13915854472549052,0.06260842224501337,-0.014451105426094443,-0.10506494151789467,-0.14467493432686065,-0.011927089324770258,0.11250067680020644
00035498,0.02238109037381536,-0.013827878334013962,-0.04716269496636995,-0.015520747332916626,0.10969793353036968,0.01602876175397279,0.019542607284900853,0.07633038013202477,-0.00999602571413582,0.02752461701166263,0.013609409471988495,0.0025064649984939003,-0.00987430200063955,-0.04862810019403842,0.059889149745607655,0.14999643470189644,0.04248681302933845,-0.0016630391809516422,0.10912970818819231,-0.060947099334213634,0.08190267461425413,-0.049306155565978275,0.0563889685569943,0.05110116607581834,-0.12166053340065791,-0.0655527493253408,-0.06389621772703392,0.05916772890169747,-0.1448561535984258,0.2038407197159332,0.06324494813142989,-0.264445848899324,0.021201185429845223,-0.012170046614379515,-0.09872178872373881,-0.005784330819829225,-0.025554794450709368,0.047221138631475826,0.08392878146839429,0.0068167862615830755,-0.11045166498190793
00035509,0.053518596540908986,-0.0632735385869162,-0.11031356941304805,0.04899951836987084,0.09641045288853274,0.010225952657035936,0.03023069497658142,0.08306517456314794,0.017669599027335506,-0.11582206685551198,0.006696137446394388,0.06715690444437428,0.010797444563851172,-0.05980612880043058,0.024839083086100118,-0.005545315318882407,-0.08085312435386681,-0.001347218630632748,-0.044143549933373875,0.052275565479941055,0.03973242538025884,-0.0831533609829014,0.03282287797906517,0.0022467173663175202,-0.055022338937486405,-0.05104260552816238,0.07306705430715955,-0.10125158927089258,0.22705728358102348,-0.012358459693234002,-0.07538098130194709,-0.07423145549527903,-0.08692062784537205,0.1372486448195269,-0.07748279670130391,-0.0056431208631895335,0.009744449612906806,-0.06304433974833684,-0.058588126587487195,-0.099490570276272,0.15368417384241248
00035512,0.06950616121619896,-0.007254979237040399,-0.013337174667537153,-0.029965328407033618,0.05385266055760174,0.017684460416440433,0.05509352001163233,0.04461961814753484,0.01355668765923745,-0.09937978614200661,-0.07520329610943484,0.0900427029113948,0.14844444676231824,-0.05186157357996701,-0.004283755154763872,0.14334516603086392,-0.02699102107342747,-0.09825137824842502,-0.1157758445956516,0.03058785720797019,-0.027597022578574885,0.23599587803486405,0.0771569214808643,-0.054450405749063846,-0.07280397133443652,-0.044408811360680145,-0.015145706984784808,0.060616826536728924,-0.0344244500111726,0.11073224348229681,0.13876501703388988,-0.20179906354371416,0.030136321868477277,-0.13421741886294541,-0.03698515335582061,0.17299310501400691,0.1068573770395213,-0.06346345210190864,0.07138641241438047,0.11229804379482508,0.21199701140479443
00035522,0.0278044808355349,-0.09033991474134494,-0.058037611897243636,0.06191648191951286,0.06937340725908442,0.04415395323912532,0.08761275272266786,0.020963619170043222,0.05886202318155501,-0.03448603763230372,-0.06050451004105194,0.09912235440074856,0.03887501821834152,-0.06865038362951784,0.02188906693959214,0.14177063991621555,0.04109337363429308,-0.21343836792098722,-0.012034848261204403,-0.025854772992735045,0.11994870949182915,0.09783724071213258,-0.011821386442912562,0.14450317737334106,-0.1293498836097919,-0.05019916936949942,-0.01155194794611526,-0.07518384957565927,-0.21195556022941953,0.03308286813246103,0.12285231104438298,-0.00957595330118448,0.06946292579574008,0.04172163949604564,0.025716673684816428,0.010430484074738218,0.15975963052781733,-0.09586428436762559,0.022242901272743636,-0.030860934270005677,-0.02557963023059589
00035542,0.08991231125323874,-0.11770650602540444,-0.10485301930784625,0.05245584762329432,0.06471892797496058,-0.02772044621872501,0.0872636190893125,0.11064879676965049,-0.037714597085403534,0.010102956043067567,-0.08113777575080242,0.08066065546834686,-0.04936256535958049,-0.01129896089607104,0.0002911164625771889,0.06741562159007988,0.08338517668402101,-0.040932925348426706,0.1377591286525663,-0.05516403316557559,0.01947846292929934,0.0678973106935167,-0.010285266400637118,-0.0009495341810049209,-0.21645812304844253,0.18221268881143068,-0.07031315933109288,-0.011360754475195942,-0.014956430769072293,-0.1335670837137546,-0.13173276324974392,0.003955965851831557,0.09877233637303003,0.09878357689507135,-0.1096128631227931,0.013227839690302903,0.058499021037829065,0.046325534974795884,-0.09460839116462495,-0.0044992130232444265,0.04532860246848374
00035562,0.06009546496312162,-0.06975439052575119,-0.1108521386272749,0.06023576187718179,0.06648340611284287,-0.0023277804875939086,0.0698797198168558,0.036618382751497175,-0.06976220960273295,-0.013514836785572498,0.10607080620723427,0.09457422595554821,-0.06712695995093779,0.01530397976495941,0.11394712627031582,0.048553537609048784,-0.09422739853533596,-0.023828341794933084,0.01650194101259103,-0.12353442974794554,0.02994400987414376,0.031111844443133464,-0.017205963409621203,-0.011019258738086603,-0.16905956049800594,0.09953883593609054,-0.06895701218006584,-0.06158089737193756,-0.027450547368418014,-0.20530780447568758,-0.09521398925869774,-0.058938778017088564,-0.05426838128093039,-0.03427544515352768,-0.014063022244864807,0.2317840540961903,-0.039277165279028116,-0.06728310241113995,-0.03955911836223886,0.004127179781703159,-0.08726850958748242
00035588,-0.026093161076196407,-0.049722697637295935,-0.09518084805443482,0.07189620475046561,0.12171029394751563,-0.02845246850156606,0.12148301681476523,-0.018256029558599226,-0.0383407856435054,0.16301215484809314,0.13284722514408256,-0.013846803563744164,-0.14614500291540614,0.057633459420249764,0.0841321024089674,0.07124943404497118,-0.02096617017101308,0.0306655158084086,-0.10056692745239457,0.006818179969738551,0.01586456206165334,-0.19302190044537268,-0.20819125034267646,0.14944686395205437,-0.06478937720755332,0.19475982978120318,-0.02463467688522796,0.28516209654726754,-0.005948645810939053,-0.0880366547775755,0.11314662935979417,0.025877584161118978,0.09833022705213712,0.019334921158732594,-0.01721322438622374,0.0244660914813342,-0.09647610936672277,-0.06916810408787076,-0.04681495112587977,0.07578997805140489,-0.2003716781386277
00035626,0.10161529784984526,-0.019248103962252787,-0.054962471093859204,0.08790977085698518,0.32527748721059996,-0.10387396851897424,0.17839504371227471,-0.20882630506413283,-0.15486278464297082,0.1688016437778437,0.21487327734410655,-0.11919670183495563,-0.11780647418450776,0.014991006610443544,-0.1976217633182901,0.04637555142459328,-0.14959359733402655,-0.0713811173574202,0.10481940642907808,0.22489292202298983,-0.14813685686755798,0.10596693099632033,0.032402588197896015,0.11890696467753833,0.07161927140832651,0.09134425099877333,-0.029399993952928534,-0.08665392691941469,-0.007852655751148721,-0.03025762276752081,-0.05119438602188974,-0.0048936584518885235,-0.0021722007344342773,0.04605184017609681,0.2356724130589313,-0.22332319561218525,-0.078611315435355,0.04099604192014621,0.005136140445460465,-0.05537914346700881,0.07149940893790475
00036103,0.022615057736198145,0.015460349102558271,0.054823791130371974,0.0003324765913556344,-0.022393898074763965,0.014443572777788061,0.03652760663548999,0.0009753678527003053,0.014301228992190931,0.01920100912376922,-0.0213632361022763,0.02356087791175466,-0.018898504808814418,-0.030066064727696996,0.04698991042307472,0.06864991080065205,-0.001959736797263452,-0.04054694180881183,-0.053476375751491036,-0.011280272505069073,-0.055895757687098827,-0.04232506641328518,-0.07273724037060429,0.06363878981883014,0.006212775048706695,-0.040607939153246106,-0.00046824999089865323,-0.036562521304039725,-0.07076494485420835,0.01271246595941888,0.03217862713136663,-0.0025342079862276635,0.05578763821349482,0.0801912914027623,-0.07649984948966028,-0.07386279205276329,-0.02119397415414578,0.13271234882883848,-0.014099571918605364,-0.0756768338227166,-0.1313426072596445
00036110,-0.016649252405437173,0.010612912221266656,0.09233393692083587,0.03786775215512203,0.005896207463586737,0.05160498364671507,0.03956870067464832,-0.01176892865692929,-0.009272175427704556,-0.021403813453587796,0.03155023221962365,-0.015911060688962968,-0.012297522625639264,-0.07442927643339046,0.11869245696111633,0.06536144223585948,0.022790784964225312,-0.1430942572494853,-0.06188321680817488,-0.012749067328270317,0.043479992287867905,-0.08328840261951066,-0.12996017400486837,0.10035265207503125,0.03612949064431026,0.0635529516161648,0.03573628616880425,-0.06617898318933473,-0.06736485634624588,0.22742163780351862,-0.019267182221418783,0.01997913366601694,0.27305575331467713,0.08541034476788026,-0.050668717178125385,0.003706904046985933,-0.055134548123872563,-0.013199752617198647,0.04299303457777845,0.01825683319094087,0.004871646446355393
00036147,0.04118994457888722,0.028761346698966503,0.08307060623486652,-0.005813990317971714,-0.026661418223453782,0.01051401717620724,0.06382070155530059,0.030341833060773437,-0.05218062467858921,0.06271598353138454,0.04736566248831642,-0.04219349605627708,-0.0817343716516614,-0.0006425029451223138,-0.05047033182219596,0.06940877809203742,0.008554165435426338,-0.13855750265559072,-0.016997944992140863,0.005274575388616388,0.05160273726761612,0.07312549992491603,-0.10196162407839843,-0.24827263654230342,0.16359569458442144,-0.1756280068461971,0.09852187996055087,-0.035799073787836345,-0.026166927781883453,0.1138305274889336,-0.17259655177646951,0.18538445876079185,0.10635431462278329,-0.06940540300998953,-0.1250361866965661,-0.09816821854370747,0.06359666068429076,0.07607957974437496,-0.08141296708077408,-0.16223109028773108,-0.019756062686382952
00036164,-0.03751766902630746,-0.002472678744927452,0.1677219999510303,0.03770160311648422,-0.13762786845610306,0.03827169083200709,0.15075414972489426,0.23647855058167708,0.01520427846198411,-0.06631424207444031,0.027233801529559343,-0.1764304928033095,-0.12503403550681788,0.03244965690385666,0.042595861449989635,0.05233759742470892,-0.173205101065337,-0.09970156527350177,-0.021898110039955093,-0.10202732536508437,0.10433871228441106,-0.1000407200281079,0.02854586797462704,-0.07789100037124294,-0.10104451465626364,-0.2819014173807833,-0.1100201966475239,0.09051138779531354,0.08645986101926995,-0.003265756020375179,-0.20704617684578305,-0.053542008175225496,0.08184450136397878,-0.10273762869869785,0.12467169720113484,0.020947042141164572,0.02997048974839924,0.027299369007068364,-0.019144987664784105,0.09139401687162196,0.035882863285935984
00037170,0.11874144260835065,-0.17360839098677708,0.04408451325138851,0.03290332393724893,0.04059667447116223,-0.018247173434283104,-0.09562548690985766,0.05378729740345818,-0.09914714494784042,0.051342612357087744,0.03602332717449662,0.17577273268870985,0.1435459167504262,0.14718058296904624,-0.006442452517185537,-0.23850445834608822,0.13031450131218064,0.23280271515247994,0.08040324445266447,-0.07218989721647559,-0.2076004453921999,0.06929328348200231,-0.039048605841131345,0.08823305955800004,-0.08520663164601475,-0.13728899979208517,0.16564557029633445,0.09265136390367414,-0.025045362995147192,-0.0679097539906358,-0.0004199032721725496,-0.10436285161187905,-0.11390131642317992,0.12789954661223735,-0.02846951470509427,-0.03721876282642234,0.022582081520751966,0.11613087977871417,-0.0339424464625086,-0.010243542675012193,-0.05277107272393923
00037179,0.1350933381367913,-0.21815839974611803,0.12418801961304159,0.08638795570976146,0.07207752193993747,0.025391399961720178,-0.028868112809054637,0.08264930375475522,0.005517316392053012,-0.12121867993730387,-0.02726963850318754,0.09304848595359924,0.16436425728912707,-0.13268195891447357,-0.10961267052950067,4.375950474851826e-05,0.08667170429585537,0.06120733662035309,0.17504490531810837,-0.027589959552700986,-0.14642421356100252,-0.02942748025102674,0.0025045045719332476,-0.008399298351067569,0.0420683416081217,0.05503295975130281,0.047363619905767394,-0.11300407140265499,-0.2342100088010692,0.005911445345401337,-0.02083703715615323,0.1805666415192989,0.07012625965576307,-0.045821503019919836,-0.09250443468100372,-0.056984353809387676,0.0025046837102769464,0.018007483478632895,-0.06042750610738104,0.12229753885869046,-0.025083102651388075
00037181,0.007512619177078928,0.08644199964114942,-0.003974545327472597,0.06403578902160353,0.08985316424729962,0.024589488968368416,-0.047747422638544014,-0.14297551404329617,-0.04447843856987954,-0.0031020243909851085,0.05571119680930035,0.06624587883526938,0.03666897622262172,0.05997843422234722,0.003739378350423377,-0.08752558453767155,0.01274554505081185,0.15279104604130095,-0.21745294988887778,-0.142139915121481,0.0025019750337282845,-0.15304969840498084,0.012610902044438868,-0.06587442563231116,-0.00134952458854832,0.04843664699432115,0.043376478079169965,-0.095687093440267,0.009863136253948612,-0.049494536548508536,-0.1581158501848208,-0.21806779678618257,-0.0650733441369435,-0.0024418350992683182,0.0249994722706755,-0.03886621377660745,-0.15524538694223725,-0.17075463244590627,-0.06902152123839915,0.03144425661512224,-0.0178968747758389
00037195,0.040729073651078876,-0.05944176527982256,0.02854531810870928,0.09958230651798056,0.02405053592349175,0.006772109334929355,0.03973651946852227,-0.09391969800743206,0.021367698354449224,-0.07244156903985949,0.006677568555541579,-0.011976352522626155,0.19027344632042797,-0.01352064644734447,-0.06814817691668766,-0.003025460766712209,0.025731048638779532,-0.05408169842208269,-0.005974830051998263,0.03984944441254706,-0.13888297713815118,-0.03480935140302651,-0.1327389052905812,-0.11564861936820812,-0.03184113975470338,0.022866699580488467,0.09326633496208374,0.16900839020583697,0.023172677437045163,-0.013636717659291496,-0.031671659962103894,0.013987260235376964,0.19010297103996665,-0.13186761027095875,0.22180728942075434,0.18471315378807088,0.03742277941313804,0.0021263398907397815,-0.07441699844793029,-0.07224401237019593,0.13114427450398927
00037213,0.048323790065440436,0.02372352562886877,0.03686120274574909,0.05038924726569084,0.055602317370472235,-0.0010084051316020862,0.03491770286477677,-0.08462692330577776,-0.025132626532390297,-0.027564097373523444,0.034794249415505615,0.07238002529518767,0.1590921035071419,-0.012225708669488591,-0.01477188502839494,0.0027255451406537215,0.04573527674495771,0.031890940858391496,-0.013001419872237767,-0.00810768630967537,-0.13359722075295075,-0.07872733861937,-0.004699337062741894,-0.085426128585771,0.06262810814854185,0.14790670152021154,0.09654208502555835,-0.0667258349976395,-0.0968241551787007,0.006889529057015984,-0.13183076747586922,-0.02482545896082573,0.07899309793979314,-0.037359637108346624,-0.13154012080959965,0.11384986907192556,0.18019260764300288,-0.19651549180863043,0.029215112219239035,-0.04258928003186783,0.17911175706698126
00037238,-0.043267059217656556,-0.030371195238980464,0.16021644371674956,0.05633467184630448,0.04142475328717762,-0.01863894410483757,0.04964080434946333,-0.27314022497914575,-0.19418360621792302,-0.016505338496826245,-0.013964076084929434,-0.07179298170030349,0.08821819047639783,0.011966776678952285,0.00589028532859302,-0.09865428850935543,-0.07305186998044501,-0.03567462037174355,0.0724765457010977,-0.041415861108868746,0.04673770261689961,0.2132743104083598,-0.009567807983696046,0.01973664380394988,0.008511426734871106,-0.004503347758748385,-0.2615748047572909,-0.0037295795564485238,0.08948231475108644,-0.14352556798385827,0.007494967257062177,-0.02250858159742409,0.10410577048845392,0.08803742827132767,-0.16244004682933533,0.13498610367434463,-0.023690232033282174,-0.02271376782566332,0.1132045358199472,0.05565623375716774,0.17191641310611466
00037250,0.023019988609221994,-0.13468380942701708,0.16333120790001995,0.10132104039812803,0.0009506331979461964,0.013563362326902278,-0.08072079455532345,-0.09030024846734912,-0.12570635219478263,0.016078329455271104,0.08872218009239981,0.00021087671688578907,0.13325870712468682,-0.05770265754980045,-0.118684017818913,-0.051339333179586215,0.018194771509515924,-0.0013331397671924431,-0.039098023105767314,-0.139968685747611,0.1689166322976207,0.17738017494102787,0.008559873681510555,0.1705854837439148,-0.09796065030098632,-0.029962157343804748,-0.11012505798343462,0.04733964702309539,-0.18656424793034254,-0.06334368073415188,-0.06826657088375936,0.03421443898889665,0.023075068860803037,-0.06900958769798293,-0.04012151302390105,-0.03834711499929962,0.12064877380672277,-0.09560099883059882,0.12186754828916484,-0.055423155088494686,-0.05239398386710414
00037254,-0.08952265371589001,-0.0033596180619400447,0.020550352721020022,-0.05676568034258038,0.13823701557611162,0.2156360744415102,-0.07563058575594006,-0.05200361690626787,-0.24328379090249372,0.06115241170084757,-0.044528976406598884,0.033023204075996467,0.2137414553484686,-0.06403235008110152,-0.08708300988683723,-0.03447600276567237,0.0795607893066416,0.032917578421015475,0.058398626158043865,-0.10072942252522075,0.3291621916529513,-0.23134738900511737,-0.06037729706271952,0.09355595470828391,0.19949808793894386,-0.09071386314102685,0.08137809828057006,0.0978784328502367,0.09694390607530297,-0.10946054452751107,0.18086282684264282,-0.019793435976838303,-0.08284917460832784,0.005830445038410022,0.06245028289035679,0.010699330510107555,0.11311022740615957,0.004224098577390335,-0.1741672840049819,-0.06539585528426592,0.0014304621887846478
00037263,-0.04428474172046235,-0.20599915749221692,0.28621700798457383,0.12353630521311916,-0.21942396839324635,0.1698017025533604,0.045820783587748055,-0.06630217606757091,-0.19652193276382662,-0.0015450625719733463,-0.15087577891813636,0.23783326649840225,-0.04050865737566481,0.1322643399976379,0.033011094195303736,-0.1251395362502481,0.1305174316172362,-0.18134848941190204,-0.04799871629052353,0.041600843289988816,-0.06014886681904378,0.04320059948533051,0.07070234226410857,0.09009179989865268,-0.1776265880413814,0.08018206327034545,0.028365351763825243,0.06550579235037768,0.06913364775149929,0.21168120619958664,-0.1369768264659119,-0.021859789081065464,-0.18610338737124982,0.006755056401725083,0.06147679576015263,-0.127493305309721,-0.21148460838608957,0.04102501526747278,-0.08669153183794188,0.05518842943960214,-0.004755019173562398
00037298,0.030745740875223568,-0.14825003742519718,0.08210517645101734,0.04222762282665297,-0.0458291365416383,0.11296531180822608,-0.12384404725170992,0.031055274021903945,-0.18999437083969192,-0.013518682230835515,0.20098326646038484,-0.012242844456787914,0.035882578374875275,-0.12271603515047741,-0.050203735953949793,0.024176361266302588,0.057473486523089076,0.002250669204127949,-0.05541413060802985,-0.03505900092243443,0.004627989773367147,0.009155411031493631,-0.2560160549437449,-0.016415128831273218,-0.001111222183414691,-0.022823083524088527,-0.06455153152474112,-0.029209238518059365,0.09000299783668571,-0.020356582825867026,-0.023444285791463466,-0.07604275677593136,0.15165936557525322,-0.07838189187417915,0.04019433163675078,0.11655097555648772,0.08417347092132885,0.26754535254389056,-0.0977145800955888,0.04504017956363462,-0.004884438174945932
00038274,-0.08473542882428846,-0.10691468273798212,0.038284977307446365,0.047490728653403806,-0.1078690715374981,0.05572730469881742,0.3018339503865923,-0.04422216874206931,-0.16496892881843062,-0.13627903057486668,0.002012633958446329,-0.19909797619959455,-0.2682709572277143,-0.13448981784146455,-0.0733961997034096,-0.10764900013519758,0.3635787418938131,-0.011413540212219894,-0.15738627590691442,0.15105804022181413,-0.0019435145308284141,-0.04348524015100587,0.13338481678978262,0.15112832035159973,0.03664548074985223,-0.08576494002112141,0.26840112994352827,-0.19368619705590914,-0.022034553088795605,-0.10714562999555077,0.1617414439696914,-0.0054433193037160005,0.041874628645221096,-0.027353096027104073,0.03014793691769952,0.135047946740335,0.02534283260635518,-0.06487110934326093,0.03878812685008344,0.0952897639693345,0.03195253691452286
00038306,0.022752045672664166,-0.044104168652923374,0.06701484723902738,0.0449808794585888,-0.14425003858107144,-0.048781799517165915,0.06819733011024419,-0.10936651512454713,-0.03787115613025483,-0.049386542844084405,0.11655336678761413,0.03273121846972893,0.02805888622154948,-0.02155845306464668,0.06023599220377121,0.14066731496735843,-0.029316518497958546,-0.03458057056963883,0.0005599692432952061,-0.12503236512616678,0.08575101874437516,-0.08043431249577433,-0.10632506461534542,0.08087678769553576,0.07103723494431428,-0.22114864442099463,-0.0009788982964861802,-0.0583978913557937,0.025877321310049436,-0.0418820609825745,-0.057714562660558785,-0.0273272722061681,-0.08111563868500497,0.12706744020080868,0.08506861381685439,-0.013047798868263944,0.13500308196136276,0.041115550527054796,0.13143563067947076,0.08576372237366411,-0.021399252453244543
00038308,-0.007657632483757438,-0.05465162572389641,0.08921012421504128,-0.011944772616188455,-0.11870718549982762,-0.11681765547479997,0.048382647186012206,-0.1541924510639112,-0.03338912915990124,-0.05418386831231031,0.0740038140013897,0.1799367763896048,-0.07438031528202031,-0.07107764982608249,0.026301207418363684,0.17944952841673711,-0.1721913147029418,0.11085271140480701,0.16934557151446153,0.024667179897662036,0.10220839275386435,0.004690192918882055,-0.1355494568785283,0.007568967881469488,0.026134470607874515,-0.04853732971585075,-0.03578519386911053,0.14811468231961483,-0.13156757980793796,0.11925538335869752,0.2416555062988879,0.10216518412405746,-0.09575429873306089,0.02187748536014386,0.008375233072859088,0.0037377430564172467,-0.19349914407945581,0.0721281667164261,0.005173646814536123,-0.021083497530329773,0.023615979610571523
00038328,0.053356377090691166,0.01068676135969835,0.045869357625278946,-0.018276407101990993,-0.10068573995067565,-0.017032522203583873,0.024566391598645314,-0.20984229227618956,0.009110262838657613,0.01425955973486022,0.07873508083013211,-0.05178323320095071,0.0647268920846262,-0.016132186422176543,-0.038628091705527896,0.0800162697180686,-0.06710293359464495,-0.07309521875770532,-0.03811754683002369,-0.005025167816976354,0.10267522892326177,-0.09635724886461537,-0.07017925585511071,-0.15091392008727933,0.017595859903904262,0.1930269945562985,0.18263369701372992,-0.057263665219444614,0.028312610003003325,-0.05868399211506676,0.012325311968150503,0.10537142855703048,-0.14338809869147487,-0.04315195526762258,-0.2050503547328852,0.14061544956157845,-0.07394675477200494,0.2111922198543618,-0.07706967962670669,0.19532634866559476,-0.09491184047199183
00038343,0.030471173289788184,0.021424429379037897,0.045320552542207876,-0.0005598698765173605,-0.008118778166388197,0.005641953617070879,0.043405337694946554,-0.024377155066799657,-0.036737780590669664,-0.03765295557635732,0.045484215627159326,-0.0332225311199496,-0.042907427458646084,-0.018434725852938094,0.014886774253867481,0.004219160097045772,0.017909824773451394,0.02209664628623787,-0.06124382557476541,0.012195083506118209,-0.12304126860087483,0.04876514979034218,-0.06188656403108004,-0.06917551191984245,-0.07176301208312305,0.03880308782099689,0.006747701966863525,-0.04172568565621753,-0.06729932795311697,-0.057759103984924225,-0.05131538194491705,0.04550916343376482,-0.028254619610305225,-0.10874790280319582,0.019734657244612187,0.04911832366351493,-0.02057909787459222,0.01289253006310567,-0.07377327309879338,-0.007134395219591574,-0.05069496623350574
00038359,0.0523194706246465,0.04114486072157961,0.07590726242905847,0.02123073886289367,-0.025534390636904228,0.009996349575411527,0.044616967461542624,-0.03307712712677772,-0.10656009518319969,0.009811923024333069,0.029197143043628266,-0.03477454031607587,-0.09169830017578855,0.023730888850556575,0.02732038143222254,-0.040702861837052795,-0.0248479440275771,0.0407240232188901,-0.01587393175748316,0.05720097560882869,-0.04367168032886193,0.11663274204282066,0.036555303061413795,-0.08324859888410875,0.0774346042049688,-0.046358318421927294,0.06030945401904819,-0.03656919762479047,-0.07952552865742137,-0.03171039872686013,-0.011818684966125873,0.13289628283853758,-0.008985100316217718,0.12418171893502257,-0.0035559147332094015,0.07194774988828095,0.015433704567541168,0.11220246369722281,0.015622049000758137,-0.1445150323594734,-0.14488786207667184
00038372,0.06522121558765578,0.02899138358735789,0.0661834891833868,-0.016454756042101688,-0.014917282600830382,0.012479467776559451,0.054784231771658025,0.028286907695608838,-0.10732971179259942,0.05287421080328785,0.04844373289698936,-0.04811894773986631,-0.08248270382875837,0.04187189217523747,0.05132498655038423,-0.02532002476231786,-0.06461629592822264,0.051532857895530346,0.02217014987380646,-0.020781863680481644,-0.012653725243173285,0.09159105505848078,0.0616054346243936,-0.06768074211886542,0.1171901008360118,0.02379071084291076,0.03296515519911181,-0.11226991099594194,-0.04453063919575897,0.007117560491333078,0.03368802573388588,0.054667326936429464,0.10705327089866154,0.00831470822126225,-0.1011661217859449,0.02090248213870096,0.015085140344966469,0.08782672905579499,0.045815431117229855,-0.010012034411592678,0.01569304968203636
00038441,0.03902085232443914,0.031055573348363716,0.02460618159748452,0.005077380144357462,-0.03174039437157991,-0.012107311953020594,0.061748980349497135,-0.038346820484438576,-0.0463437029208359,-0.031170257773598588,-0.007662754572733593,-0.03416040021273401,-0.08061067091331288,-0.029357421832291813,0.016933936552541735,-0.022661916583933153,0.027561911095579705,0.001974397703672033,0.026243125632352367,0.034231280436758396,-0.0944584430951928,0.019493437294268945,-0.04563323410883883,-0.09286927926810158,0.014818230288221048,0.009988856624226885,-0.01662803429027171,-0.00019232075254328588,-0.001075693662393315,-0.02235076827464181,-0.08013212263962671,-0.010336404985924127,0.045046594792086954,0.044138747799408254,0.009223168020294228,-0.011513134178211296,-0.025748312622338686,-0.06454023453995741,-0.015916684753538163,0.10617838461268762,0.02502673404774808
00038456,0.05765426720991783,0.009245978545671007,0.039968448686874186,0.02188988434620425,-0.04015295838900242,0.02011009598139268,0.1014751786011845,-0.026249996014297658,-0.032050086582732985,-0.10083589317158682,0.03419057218655223,0.0028242031496799433,-0.13480037281558863,-0.0522325974100813,0.013050859005468325,0.0227759669653787,0.0014822031836867987,0.028125484269527972,0.000739380650164248,0.07955703196699031,-0.09849373555289445,0.030122809824767595,0.02858084123761526,-0.10981651277264895,-0.011756148138610657,-0.009981414321745444,0.03556092931729986,0.028591950837524624,0.01269308157991591,-0.0004456503529743831,-0.1344885794996519,-0.10034657561573691,0.03780477251079215,0.10093358130426426,0.10140433686973674,-0.04069136068341731,0.05711017820696058,0.07240103407860404,0.016106086349082074,0.017523324338649955,0.02635508872035803
00038457,0.033321406694754536,0.007619076813963038,-0.023283598721435872,0.0029654430632167854,-0.03821177621100898,0.013246174262968483,0.04909573513183504,-0.009273739263452723,-0.007213760500097262,-0.0357514333930137,-0.04280171734257221,-0.01420086675204593,-0.041559149252110926,-0.002412279381216813,0.029916198300663752,0.039143778558603196,-0.01913571763854948,-0.072605667718945,-0.0050906343850222946,0.05759699646393189,-0.06552192355886698,-0.008008198563214986,-0.10925690364855754,-0.007475591244866728,0.03503623747241615,0.07309978643505964,-0.015066268588130208,0.0651025607711097,-0.028239933397358603,-0.06687258325683094,-0.1622149306256492,-0.04326647242244774,-0.0779755235729233,0.150095321408429,0.02121568540250603,0.15131119524601042,-0.02345996509456607,-0.03102371168479993,-0.10473574549562786,-0.0405458045307391,-0.08961501653877624
00038469,0.042314300560022854,-0.0026854655704953664,-0.0006325379621000118,0.014573729246441415,-0.01241317554229099,0.021756882756015422,0.06441377761960988,0.003191346897419332,-0.038462579802567454,-0.05961751247225029,0.015589784470316587,0.004843901698657663,-0.07526566053386506,-0.0011810004337074666,0.0008881383510270192,0.04353182322865029,-0.019432509759992705,-0.06008783095804904,0.00999230952848119,-0.015625101395742563,-0.0154485144143967,0.06507964993661308,-0.024046657538077113,0.0138790873321803,-0.011491656797745893,0.05702813730497272,0.007469219852290471,0.010136581363803517,-0.07614322642975248,-0.022670748230949122,-0.0804862691347009,-0.1348411579406115,-0.030024471483026803,0.12224165980117327,0.0044018300055599134,0.14942508207360874,0.0341818159302455,-0.008211434184772338,-0.029233161201030693,0.03330980562581897,-0.0601012366454208
00038647,0.050081127589603036,0.0484563801506716,0.06859295880515712,0.08129363896293536,-0.029074256837796176,0.04129189615701906,0.015974175337044583,0.022850182289927995,-0.04645515489616597,-0.07863523793371498,0.05180224858962716,0.0017912544471828608,-0.047025953487671156,-0.08369356544289082,-0.004973472037464237,0.025306674400600197,0.0037533955398500957,0.10037424950755869,-0.11717795280590977,-0.006743514675727863,-0.11088878218271053,0.042961656640864446,-0.0319780679244882,-0.10305088601842333,-0.02753479327437967,-0.050743786852526555,-0.045646648005916834,0.04518252601906919,-0.07125896661783229,-0.07445061989476529,0.06719730643880838,0.13901873209360374,-0.08955192333876451,0.08648319748820321,0.024048862127690904,-0.0440594757548344,0.16167982508218093,-0.007805716680008406,-0.02102063464551923,-0.1791377598654084,0.025374515284860778
00038665,0.03827270241681108,0.025076946249035007,0.04635618905293274,0.03456905660301701,-0.03193588610753768,0.0451486625103018,0.021296467413868366,0.012424395212822898,-0.013215594057902106,-0.05599168272824849,0.04639167842178172,-0.030994882911584132,-0.031961251952596956,-0.06439827826160972,-0.024968554916658562,0.04439911347599251,-0.007980428627222508,0.038184924930620166,-0.12784820534442912,-0.07541319345323709,-0.06917068455195324,0.09458574733606441,0.031739465271879715,0.02071980902102377,0.030727728361891766,-0.021318839600992952,-0.04913888450131562,0.06688266699691105,0.020462534696834882,-0.014279046640259838,0.07097975023526562,0.001815358618711963,-0.1220378693641965,0.07527253637034513,-0.04785141400817157,-0.12058999284090301,0.012758450257972828,-0.073485342663399,-0.016975028942143585,0.049386333053674535,0.0016204036846412958
00038666,0.03664866988666021,0.010140114344504075,0.02464917187790715,0.02033416253882668,-0.03633123762583516,0.04363266357872347,0.009349860299243631,-0.006106403615843544,-0.013950841389057956,-0.053529493276866666,0.025621111644977587,0.018690821962465867,-0.04304745300687656,-0.029317047100584092,0.007259878262445242,0.06516099098388053,-0.02170797635060734,0.02580257545881112,-0.11776284559711757,-0.056171261155989825,-0.106993254019441,0.01216124173570325,-0.05039564455484936,-0.01886413373749538,-0.028771274926356994,0.03302995091733562,-0.01807401138689941,0.06645030497664432,-0.11314734452252745,0.07440593556588446,0.12215508394479369,0.021060794365156545,0.03760983239216404,0.06702693823733144,0.0835707175509856,-0.08148149359290396,0.028725407047853303,-0.12390701945393952,-0.0549727039408625,0.18631036198586398,0.09819916343037255
00038667,0.024612874023777615,0.037641497972646605,0.056923900287436206,0.06815791508645136,-0.06297385869681468,0.07256508268138445,-0.03385969224571979,0.03370972806831081,-0.032053168892557486,-0.03695584691497834,0.04419335552965709,-0.01580482663435897,-0.08014814423355139,-0.02592285068488974,0.014334173228869212,0.004894237469476643,-0.0795425197501011,0.012113697915106247,-0.02638472177049836,-0.021417057852997176,-0.012823635558354168,0.06651419570146712,-0.0308293754197782,-0.013652215594148788,0.10152722574909555,0.024785375169745695,-0.11033518009320795,0.021936156157870982,-0.171557185817899,0.026453953595899513,0.17658364577794097,-0.04281990093571231,-0.1889317918909202,0.13538196983179626,0.16808632141558846,0.07471228354723856,0.17513090279716256,-0.18845303067580477,0.06703644765345884,-0.16851305552830448,-0.000730925768938383
00038674,0.026436226566961023,0.0031468686796655232,0.025633926961292856,0.04885275318896626,-0.05860602394132154,0.02570854266129255,0.022617207037694702,0.00022485195361569783,-0.020749778698615298,-0.07496825335188773,-0.01253476844544645,-0.014928926042775386,-0.04601524674856172,-0.03965841866826927,0.06985053658467903,-0.023403399785014798,-0.00843395615552531,0.05398673542142582,-0.14165943491224403,0.003280149284536579,-0.1433595115278809,0.10026917409933006,-0.032799417980206455,-0.03996835932903964,0.02429196506665004,-0.03617445007500988,-0.08134798918502648,0.1498440455050871,-0.13824586115251192,-0.054544725853534586,0.0528047052362691,0.10387219121152777,-0.06056388304899435,-0.027136130556468612,0.13318541087610788,0.04727568590776734,-0.059184645613191096,0.04131726514134204,0.060747338402518815,-0.000887736262587983,0.02349167859583146
00040617,0.3414791589446974,0.08521370310122753,-0.26965711268399684,0.18175755271146674,-0.05347712961261094,0.23740764200115186,-0.16474233660050033,-0.2155763189637582,-0.23955439267496464,-0.26103247429009285,-0.1665194374315849,-0.16841433065222583,0.12450939912827054,-0.11158802653206572,0.026148571957378557,0.07929396674423073,-0.27669155598459577,-0.104347632175373,0.10959496133317224,-0.13857579390346483,-0.06128364433866189,-0.09078864885581837,0.17937502360168353,0.049779829939468015,0.011045153247157864,-0.02420624148584138,0.13442122026624173,-0.03384952683491681,0.04791819413144182,0.0432007069684938,-0.044261317384500086,0.04019094920277663,0.09508642121671473,0.019159503210604282,0.04590369017660891,0.00449450208555658,-0.07595066066850585,-0.06520007263398864,0.04420806844253517,-0.01971740290035622,-0.20028376349773097
00040620,0.33068843608222015,0.12356075539175687,-0.17683154276333887,0.001951960811252503,-0.2813352452929979,0.004661977799162087,0.10636258038360753,-0.05962149968048576,-0.0858306843496745,0.041607732197470534,-0.06300041439173297,0.12982846070637444,-0.234495084112203,0.38508713397372346,-0.14875584286320756,0.0815735052904684,0.16908997839082984,-0.013796661195617038,0.16170254563662256,-0.26596720756695297,0.09831648538353298,0.09685792176618242,-0.0595292277958424,-0.060852770285539974,0.03783270989640001,0.11031776836665275,-0.05858011155962025,0.0755391989632909,0.06295756312096425,-0.07386326946642793,0.08247171796085706,0.01199304059248112,-0.0745035241814595,-0.0320586373352635,0.014150512426494578,-0.012078980403880087,0.14021490690126112,0.046430316898743836,-0.038931863241162615,0.08339179102046027,0.08809318702631323
00040632,0.24094644473321916,0.19393168988551784,-0.05367213287216535,-0.08188438201548263,-0.17978639579013517,-0.026862789585956375,0.08892509663360193,0.07864287228923308,-0.035500163859614096,0.17312378900434824,0.1775975502848188,-0.12729997162125428,0.13570350472158846,0.1090114898009899,-0.08674408492387785,-0.24375331300363187,-0.036524835663652444,-0.057948763301047874,-0.023717865297261945,0.16912662693368583,0.13285872783918723,0.12192829264191171,-0.07881406091843592,0.07010693803538132,-0.03235609392827603,0.0035778945341261984,0.1718785381183357,0.057700127603704,0.05556130059700817,0.018838767974454832,-0.02392485656873714,-0.09919808074622831,0.16238752081974447,0.031188998888177583,-0.20387116193266394,-0.07237954088766706,0.016692943882465297,-0.11221707570862859,0.054080104312172,-0.05881030358116186,0.04273763815523686
00040636,0.31584284434948157,0.11134659260860416,-0.14189786791126624,0.03600151260264454,-0.1468095827465212,-0.2038421084337709,0.03577105308189066,-0.036868601384649174,0.05496428058339127,-0.09006342017842768,-0.026339872338724906,0.0578150634449004,-0.00782770721836786,-0.039249528241433955,-0.10755057328971655,-0.1341565818686056,0.10372101596940383,-0.07005854772003092,-0.20247068039756888,0.0834943544460291,-0.05045074298286335,-0.2525620249492498,0.10808740528351402,0.07494700590235277,-0.13213193888237462,-0.004207070132250919,-0.19003974726446643,0.065614391800919,-0.12064177363999123,0.1044420068980977,0.15512039885879975,-0.050932523010239934,0.04830451238053269,-0.19473093181624035,-0.12167548257354559,-0.1486446846921874,-0.06321656579926209,0.09278178762576661,-0.05361731945056869,-0.18063316817795724,0.0810080486895467
00040714,0.14497701278526381,0.05733927869146424,0.14218323290369847,-0.3865926862219213,-0.0712797411871892,-0.10891151698827066,-0.07245058862781259,0.06469995095659054,-0.24255474704167038,0.1437307006000832,-0.19768894551413727,-0.058651342474151304,0.03578413240386183,-0.1455723892893426,0.017249094726180875,0.1482469619788901,0.06206783809516236,0.04716607925636625,-0.009328636652175685,0.09575217520481315,-0.13507224312321953,-0.10383396857176731,-0.00704897290565323,-0.03595426483017805,-0.13819445169663724,-0.01183918509339769,0.035592017903098995,-0.10986756575944964,-0.06731868480258593,-0.03361893274468472,0.0027485336935719014,0.10560179277923902,-0.09007255488111833,-0.007967170755951184,0.011998232283769903,0.08327802068657775,-0.08367500023071581,0.0103095609430853,0.12272609420908998,0.036447880525502206,0.07598822951053226
00040715,0.15437223416887963,0.052048296551966106,0.08478254161536576,-0.34706197541300554,-0.07215285065099838,-0.09400308096478625,-0.01908367351354768,0.06479793306210223,-0.2746717671228836,0.26509423940831917,-0.1467413135869595,-0.0087500173017993,0.01676783443145278,-0.12287083217425454,0.14633165388351188,0.18665620613624773,-0.01184515776653348,0.004442892294687502,0.04350748437712594,-0.007889307430239195,-0.032729815628701184,-0.061314063702338245,0.0023138803756964136,-0.008646574290512916,-0.11366718516441114,-0.037965456114484875,0.09105443706980623,-0.030324504181688722,-0.02686703086773758,-0.06213516497095653,-0.032991994060132784,-0.02246843275398823,0.0009930764484886896,0.0719741969655225,0.11594098248531087,-0.06828362209045279,0.11343873305736295,-0.1892781350247248,-0.11251994493355884,-0.028990789858516525,-0.007391097124090286
00044527,-0.04351358601797914,0.02504131768876703,0.06407559148547187,-0.05453066464245628,-0.07821363208215729,0.015123782653782624,0.12933863363490342,-0.05333828407705718,0.06725243894475838,0.05021691192624803,-0.09775878569316376,0.06327954714628337,-0.03323594220756994,0.03643638548067727,-0.036660207819044714,-0.0074664890617953065,-0.08826423387445398,0.05495187100923605,0.05907657218495214,-0.10809870162493783,0.08553319395107178,-0.020269186190420226,-0.13302186865087948,0.0013962872103956685,0.12561103319531494,0.006496147980418833,0.16324381962733123,0.14862952844509658,-0.0030697804830023116,-0.01759015105476355,0.1440020875863743,0.03634865864151586,5.804313239864671e-05,-0.24853908068515715,0.057138793231995555,0.08247638691130668,-0.058371915350475104,-0.005063190922513295,0.12016583173160279,-0.05896642222682042,-0.04361040966196014
00044529,-0.02575982555234606,0.016544082733794093,0.0381127205875587,-0.01182776639896857,-0.09772141883964741,0.08850682367709056,0.07707097761285484,-0.049160161175078945,0.05887593384860336,-0.006108801717064014,-0.07404476433146136,-0.0934140475228456,-0.022821310661634186,-0.08167568761030551,0.04054407797572519,-0.01222228526759598,-0.05563841833705627,0.03581066553029219,0.044327788719761535,-0.004837901140268785,0.009674580865290085,-0.05018714142362088,0.09656067923691536,0.07577322473901452,-0.020430129118553353,0.08213559854048956,-0.010206617412380634,-0.08264444563023234,0.07651375124105612,0.03135633922029779,0.12671024860626798,-0.055573909789859884,0.024978461032490396,0.02732179321360146,0.07239732765021434,0.08893623622971283,-0.07456179773875064,0.173864695171094,0.1270607194180997,0.03816768340639175,0.00692263741422061
00044533,-0.0034668531708118545,0.0041063933271176245,0.022116161691794863,-0.061663324364299686,-0.08442447665331684,0.05112736142466196,0.06097352218544706,0.009393708799885579,-0.012347594564517426,0.048777041886589226,0.008564767929187107,-0.1394683037189088,0.024385165743079015,-0.06029073837650777,0.06548862968698453,-0.04246024160636489,-0.009664029095221517,0.1280802541505547,0.06827163909730573,-0.14216998871720649,0.010610553474579345,0.07463092772291627,0.12123348490129565,0.04161882591421953,0.05712428044256084,0.165803879085585,0.05117263607954183,-0.07026441106508735,-0.037502507712414715,0.017888083249602255,0.05794794433428639,-0.1718421817533757,-0.035414344806728004,-0.09725954343765311,-0.057276586484373164,0.18510299678699746,-0.23697283709768188,-0.05092316037878059,-0.08685422075875042,-0.14796766695290559,0.08645012675651925
00044578,-0.08251861325147518,-0.014318506315047152,0.07818102604838623,-0.11028680546251393,-0.06538562904223323,0.30095602651798853,0.07727954376232705,-0.08279889462889185,0.22078660204367254,0.1243651999944725,-0.08103829841620902,0.07336985924956357,-0.002551823864792472,-0.01407920504158126,-0.0924335279497195,-0.10360296900829859,-0.18010131239912652,-0.002265255675548536,0.16282749713567674,-0.05506160568787828,-0.16082121171098354,-0.1297288197843605,-0.012544009084686196,-0.06794852237571829,-0.257540142496924,0.1571649721128384,-0.008284836548254949,-0.008377463352005841,0.05945141018439962,-0.04400680348030287,-0.015414154605087698,0.0027081998850941964,0.06846771146632014,0.12622736313806832,0.029590778041088322,-0.08384065809362734,0.30025318697403636,0.09483764845404576,0.183376459666765,0.04157469069552098,0.09114039064670215
00044594,0.19489826646730596,-0.18635483709635722,-0.06033598588345787,-0.16601553412542366,-0.10586800698339151,0.18218076714454412,-0.18327824454086392,0.00015708492638831942,0.28511706816277954,0.10690320724003824,0.21232371411877002,-0.14582611719580788,0.08228968888634107,-0.15827182192888936,-0.24830749868164056,0.3011136208677374,0.2128894484901129,-0.06762986489935241,-0.11900379951666966,0.10889202316176219,-0.02310347606104169,0.029716029685436122,0.03008386068529021,0.029398357708196928,0.14259809231814302,0.05480245900539914,-0.13070059201195805,0.14887701662785263,0.1255303331707361,0.0033979387520486183,-0.12860623860251902,-0.06101662099561922,-0.20262609502284928,0.05723268265146963,0.06819986422355888,0.0708184917216546,-0.03966592927868903,-0.049070883958034314,0.12263322820395482,0.0032077144920020497,-0.027426912726896464
00044605,0.08397281819171065,-0.10986087187194986,-0.10135319247392738,-0.11020177275279963,-0.0018310811059268836,0.31298757793921733,-0.04803206365375313,0.2408434508111211,-0.1875037625640642,0.0957457644387078,0.42795269675217795,0.06408157800985656,-0.1498902977427509,-0.18614188714936486,0.0015499366369121335,-0.27633257530357785,-0.10301233092674443,-0.08825445894165922,-0.004242660692384851,-0.17501585006570053,-0.06365327419528487,-0.004084376853927744,-0.050510043616010435,-0.11495809876368268,-0.029893066785467957,0.03221935179158242,-0.0443156582025403,-0.026763047044545733,-0.0025293971698209464,0.06040794093112567,0.07700914918318243,0.03493387381584751,-0.028246243456268097,-0.193151375204391,-0.013565419564717426,-0.04497334038232752,-0.12082535938070106,-0.09585514835889997,0.09597704715918434,0.03210133604489253,0.029572678546976535
00044677,-0.007977504187251048,0.012729066096098007,0.01771253351982503,-0.028488218793867526,-0.06223149852909441,0.09288160209542945,0.05168144383622533,-0.03179363744621844,0.05951102061756961,-0.022730754492566133,-0.02268077047893188,-0.053787685271249136,-0.04525782727263136,-0.006578391893041342,0.04463796903036336,-0.0007340709613818469,-0.05634969868358848,-0.027803685384823,0.03019504035212127,0.010327064707631103,-0.013271427198485635,0.0346681561037057,-0.0011475580582001456,-0.006677351525984072,-0.01758727121644093,0.08919001744958163,-0.01998474223045131,0.05440881369161496,0.03800487122095848,0.023856745531546687,-0.010344821643085724,-0.0439869473835103,-0.04284792242006624,-0.11195872073984575,0.05134568599613852,-0.07468225875445196,0.03758300771241233,-0.09264602422298225,-0.16519402312305986,0.048516179976327074,0.03863331235206293
00044679,-0.011439725382137346,0.010616465505999114,0.006889509965205377,-0.02285801332137317,-0.038543612469083284,0.05829368358699844,0.014316353402561913,-0.032937031520116886,0.04004852783532193,-0.008706240178060976,0.010103229968825626,-0.06391739037550498,-0.04231767618895052,-0.032363815848507865,-0.013715256598766783,-0.004297789358093923,-0.0030887200038142333,0.00779230788184846,0.008890182061080902,-0.014952262304981184,0.016151417888372283,0.01889836633190144,0.02682227978458294,-0.03745202277855986,0.008763870646814666,0.042546651236357175,-0.0014816086455509627,-0.01077718539920184,0.030715402140166773,-0.009368624871669704,0.030464150366800325,-0.0213235816142832,0.0008572515660859887,-0.06901382085701223,0.014139958765305457,0.010602673576848798,0.08228548855343708,-0.07134434953894755,-0.14525404209714513,-0.10386170939292076,0.06619042876498941
00044680,-0.0027821151362898686,0.03777001052303585,0.047580350253403944,-0.038207926508872024,-0.02911345491284624,0.1459429122080111,0.009853539575129213,-0.07500343610603005,0.07164519255542014,-0.050006817502149366,0.009254658957355931,0.0027547263738891318,-0.009711036401265725,-0.02303638496582755,-0.046384961941168604,0.01162940678746229,-0.106651522474735,0.040823344206628094,-0.005412926528122688,0.020180626433636023,0.034341055775761395,0.07444658740951782,-0.014377112294512289,0.018346719976781296,-0.06857455503256966,0.06206281618269832,0.09017168206067525,0.06679985430428474,-0.04826024534668577,0.008530568573500697,0.16074688351327235,0.06551587580359784,0.04708260495535237,-0.014768121024239165,-0.13142993797982563,-0.03331116734065151,-0.0995232595133282,-0.04839592338295102,-0.025910971006036433,-0.08758561891055934,0.02689093893003712
00044690,-0.0443974284772569,0.025104001222308287,0.028427431376078352,-0.057460430076492396,-0.07319688187071585,0.12630081170795007,0.09651895789673709,-0.04427414240207515,0.08457016570581712,-0.02129446186410784,-0.01958203176946292,0.0013977005934038074,0.01614284462814228,-0.05382016026976315,-0.05767785842548974,-0.05769781357250062,-0.048816780228871655,-0.002365399745796456,0.030723914427730675,-0.03598960345253882,0.01025006619231737,0.01532210959982964,0.08834185210945189,-0.08516934915010675,-0.07907222160368459,0.0028361070347481063,-0.02045176817743399,0.0107343687784301,0.0008929449433891955,-0.04046745476719456,0.04742324966168587,0.015255140638558928,-0.07822446133880276,0.02241142108650967,-0.010092020540011369,-0.02894516347932293,0.057969862242960156,-0.08738716252525497,-0.20890087924168177,-0.08376089218433251,0.012290652895712463
00044696,-0.02097045574939474,0.048433959522949634,0.03207602750022529,-0.019143050047183422,-0.011160670346635173,0.10176776918824511,0.03349582095377986,-0.04251692195295606,0.07623164690494819,0.05474616736974062,-0.009181943846570272,-0.037158052328264524,0.05701866625443445,0.012338569411965223,-0.03545871291130456,0.012394007015683344,-0.09498859946055131,0.016947178331036684,-0.013374220674955499,-0.10435982629429158,-0.1194617720796741,-0.011653727536690944,0.0677028597306669,-0.03615939037481735,-0.004178788087558544,0.0859771183456605,0.10997728570724134,0.011762666410350335,-0.00022452424070301655,-0.0657066217029808,-0.07269024678112444,0.03729903513761418,0.012859065461997929,-0.10835449723393906,0.19783201667884714,-0.11683070400578123,-0.1903273061169202,-0.023815117855588267,0.021205242496084364,0.0746555050550185,0.13510024246681762
00044702,-0.09171048634855418,0.060649858735396446,0.10542090022362985,-0.18455293571909473,-0.024590523182613414,0.21566389424943955,0.23934977629230186,-0.17352463582658983,0.0996374564362231,0.01405508739895497,0.019162357584083058,0.05424206954432016,0.019594402334015684,-0.11949531288203023,-0.16265416347402623,-0.10055367228216755,-0.08383853260963281,-0.08554554896832033,-0.007662440437720863,0.056749149038209754,0.11406143424164132,-0.046804418767589215,0.14685310786808367,0.010960557998960709,-0.16906692246595478,-0.08126200018188125,-0.0294363840553342,0.07466829056759687,-0.10531173360997875,-0.09397073732485296,-0.02461587826267026,0.06846437103650911,-0.02969692682456762,0.1476905858537855,-0.0346945118536773,-0.0037868981368499592,-0.04024242378250271,0.0008164807493101599,-0.20139005157040132,-0.19797262654125106,-0.09021640215869219
