Station_ID,Decorrelation_Scale_km,Amplitude_A,Offset_B,dx_param,R_squared,r_crit,n_neighbors_100km
00000272,7.135252664644473,0.9724662340415658,0.027533765958434153,8.13974036538826,0.722932699324832,0.47851116040357516,28
00000275,11.571869625451479,0.8547721244714449,0.1452278755285551,11.6311107469972,0.7003824274272807,0.46289232537620106,30
00002725,13.795809752712785,0.8305477293046838,0.1694522706953162,13.070819232101268,0.5363121122031389,0.4420715390402385,33
00002737,16.099818920303143,0.8792782076883303,0.12072179231166968,16.047180088527327,0.5185753204920507,0.4420715390402385,33
00002744,14.359090856708931,0.8838337663113609,0.1161662336886391,14.236338927111966,0.6099525391156094,0.43572774476350534,34
00002750,11.75301980307389,0.9228893987307242,0.07711060126927582,11.980702096146238,0.5917310728680089,0.42964789554745075,35
00002758,1.6101441654943076,0.8285267438687572,0.17147325613124276,1.4911217049396237,0.2951937333461804,0.42964789554745075,35
00002811,6.691697045012659,0.7651615162769668,0.23483848372303318,6.082091395035961,0.5649966879313644,0.46289232537620106,30
00002823,8.074006147742962,0.8047587658489072,0.19524123415109285,7.511609632097077,0.5924288881521794,0.448698792647094,32
00002848,10.273060406491975,0.9173794533199333,0.08262054668006669,10.41934552554657,0.59088605557666,0.42964789554745075,35
00003064,15.01939016595241,0.8870021466785939,0.1129978533214061,15.083132628439419,0.4380705512128523,0.4420715390402385,33
00003078,10.809254159012516,0.89151649898336,0.10848350101663995,10.697666724184536,0.4878221912963516,0.42964789554745075,35
00003079,16.528138960869782,0.8794835524610484,0.12051644753895163,16.163959595771722,0.5836021658495505,0.42964789554745075,35
00003086,23.062151775559233,1.0044169957292337,-0.004416995729233708,25.612776606463335,0.5173577899909336,0.4420715390402385,33
00003089,13.844620901576594,0.9358422042022956,0.06415779579770442,14.157434603877133,0.557516404052186,0.42381429398696585,36
00003695,38.513039736541366,0.9864859477534001,0.01351405224659985,43.432823152425975,0.4029135252074204,0.46289232537620106,30
00003698,25.234978251061822,0.7792574827496868,0.22074251725031324,21.537986769472674,0.4067674991644591,0.4182108494265614,37
00028119,20.728644088018243,0.8840907191382175,0.11590928086178254,20.183308160062523,0.44754506747137424,0.42381429398696585,36
00028129,23.98763696052368,1.0165418572514062,-0.016541857251406222,25.658433069188355,0.5516083256468779,0.4076370380871346,39
00028132,21.393528367264935,0.8750160553449382,0.1249839446550618,20.289019243891556,0.48331386864785597,0.4128228965331498,38
00028143,25.783030698686954,0.8563201541966952,0.14367984580330484,23.39330090262293,0.5693696440215221,0.3978235535754876,41
00028150,28.197753391519264,0.8849724388811862,0.11502756111881385,26.39999841370613,0.6269278918875483,0.3978235535754876,41
00028153,24.05271619215362,0.9636501198827934,0.036349880117206634,23.691976701985286,0.4900729161383989,0.3801443419563331,45
00028168,30.161408384902945,0.9207221567566456,0.0792778432433544,28.347221144942203,0.5874074230635534,0.37607975011258704,46
00028169,24.257804707430203,0.9257474865687466,0.07425251343125339,22.913833764685222,0.5641456512653986,0.37607975011258704,46
00033182,8.847315890536164,0.852524020712099,0.14747597928790102,7.81785367284779,0.5021663716512859,0.38434318374055354,44
00033204,0.4969779803161496,0.9083967041250355,0.09160329587496452,0.46407161462045643,0.3893870256358004,0.3801443419563331,45
00033224,14.926828845047867,0.7931804208027774,0.2068195791972226,12.299772860173382,0.35774420635784054,0.38868380281513093,43
00033237,11.982485519155107,0.8170175349460187,0.1829824650539813,10.28382388963382,0.39275532592803764,0.3931743282106058,42
00033241,15.092874229954937,0.8932076854430514,0.1067923145569486,14.151343847592905,0.39691267065444,0.3931743282106058,42
00033248,13.389659290596343,0.8385145642475986,0.16148543575240137,11.806172333166893,0.4868453798804019,0.3931743282106058,42
00033276,8.961817382093026,0.8001792310200618,0.19982076897993817,7.458311433505642,0.4056701494681654,0.38868380281513093,43
00033277,19.337726477653913,0.7621009729177431,0.23789902708225685,15.33157552462238,0.4840743591600982,0.3931743282106058,42
00034285,8.690145334353733,0.6688707588484148,0.33112924115158515,5.462076369495509,0.3796067212169282,0.38434318374055354,44
00034310,14.244630869159154,0.7491232165330325,0.2508767834669675,10.947536766300617,0.3260831697824025,0.38868380281513093,43
00034312,17.31962095863482,0.8637289461421624,0.13627105385783755,15.72848457566391,0.5494492707254052,0.3931743282106058,42
00034332,25.773364529305972,0.7603320284281672,0.23966797157183284,20.189098557939637,0.4055041395850686,0.38868380281513093,43
00034344,19.06506792046955,0.7370735738278675,0.26292642617213247,14.060101995574994,0.24196892061703656,0.3801443419563331,45
00034352,21.746240269822433,0.7626347274585045,0.23736527254149553,16.65725087698684,0.4699915165651273,0.37607975011258704,46
00034363,23.83874090433284,0.9362875070406178,0.0637124929593822,22.375105614236126,0.37179406737720755,0.36462409580411337,49
00034376,16.444651267012137,0.883430738398309,0.11656926160169101,14.274027385454744,0.39327374971409246,0.3508574758631604,53
00034382,17.567039817856248,0.8999606668085647,0.10003933319143532,15.704158308689147,0.6076466401365763,0.3575426564254667,51
00034390,18.90142377517857,0.9046172777795598,0.0953827222204402,17.07523613088668,0.5261826976467913,0.3610314338507347,50
00034391,15.201420294735222,0.8132088136284926,0.18679118637150738,11.6010502223212,0.40280273085997087,0.3328448891207804,59
00034396,23.44358495263649,0.9250824618277832,0.0749175381722168,22.26342508058945,0.6880991810242774,0.3801443419563331,45
00034399,15.092152182181328,0.7980266013320513,0.20197339866794872,11.42848320415417,0.4391169317220135,0.34149612989087824,56
00034411,25.929503803342705,0.891912115913031,0.10808788408696901,23.502340154639757,0.6363131622561831,0.37214242670274406,47
00034423,18.53664119162392,0.9594988514430663,0.04050114855693365,17.530136386934277,0.40292577764378235,0.35415286456158057,52
00035412,11.831432651571605,0.8161602156971123,0.18383978430288772,9.174315360000683,0.24353083579835788,0.33853801078115625,57
00035426,16.71372152223042,0.894794526451908,0.10520547354809195,14.350053336321253,0.415068370392755,0.3356553122382445,58
00035433,15.808435888463551,0.8720174217086288,0.12798257829137116,13.261193937603391,0.2902213776213566,0.33853801078115625,57
00035459,0.03690535634062287,0.8255190343987041,0.1744809656012959,0.028721064222758663,0.1852664223373881,0.3328448891207804,59
00035473,28.707063680489348,0.9231433553842757,0.07685664461572428,25.038416224466076,0.36240693522788225,0.3248184473571815,62
00035484,27.575159809743816,0.9504775405931818,0.04952245940681821,24.772039211674613,0.37270623505029565,0.3248184473571815,62
00035486,17.229653398051077,0.9091894756055763,0.09081052439442372,14.78954620949324,0.3180378073543304,0.3248184473571815,62
00035487,18.945251038342,0.9283987985902082,0.07160120140979176,16.754849602840125,0.24842696899299088,0.33010377652365497,60
00035498,23.87216464403058,0.9228808179790164,0.07711918202098356,20.73388116924201,0.4040530701444557,0.32226909036526896,63
00035509,18.061219628970818,0.8865653701766641,0.11343462982333585,15.149149687189954,0.1394543742156441,0.32742917674035615,61
00035512,19.08132833877868,0.9452001275610166,0.05479987243898343,17.11289518643681,0.2933442136185944,0.32742917674035615,61
00035521,14.44166874111622,0.9323232930234715,0.0676767069765285,12.933729498066324,0.21832420603675207,0.3356553122382445,58
00035522,11.779755813805082,0.9334800555490794,0.06651994445092058,10.433362220741001,0.3406185489379495,0.32742917674035615,61
00035542,14.652047798814086,0.8546634031417435,0.1453365968582565,11.955349107964386,0.1961471927084052,0.3356553122382445,58
00035550,11.295688947094778,0.8863629513551061,0.11363704864489388,9.83858161267826,0.2710455768409058,0.3508574758631604,53
00035562,9.71204378593486,0.84157211530907,0.15842788469093005,7.9062722801512075,0.20486223896711675,0.34453300924355795,55
00035565,20.712782436864266,0.89403651214467,0.10596348785533005,18.201902043028365,0.11931566944745453,0.3508574758631604,53
00035582,20.17016409006721,0.8131420930588201,0.18685790694117987,16.46982170280019,0.217989104817935,0.3683258864034797,48
00035588,22.97568829599951,0.8494652721369168,0.1505347278630832,20.68245746734526,0.27620124653373357,0.3978235535754876,41
00035598,0.9003770029466681,0.8060792138174533,0.1939207861825467,0.7616094749071474,0.15553947492717535,0.3931743282106058,42
00035613,0.9647882111772277,0.8181656162263664,0.1818343837736336,0.9014462934333691,0.21943235321516374,0.4420715390402385,33
00035626,4.6962230936727485,0.7817184315127158,0.2182815684872842,4.544078468359451,0.3013590988781757,0.48693163503480236,27
00035707,0.6174644744010701,0.7677732633060995,0.23222673669390048,0.62954784194728,0.30631248646918885,0.5256198837745494,23
00036103,22.52877962258885,0.8845661938306166,0.11543380616938337,20.931796769757614,0.5001164911974785,0.3931743282106058,42
00036110,29.70311113599098,0.8517295935235594,0.14827040647644063,26.410235229635052,0.6386168177231701,0.38868380281513093,43
00036147,21.5331873902625,0.8170764147505638,0.1829235852494362,18.336770969410768,0.4265071375255932,0.38868380281513093,43
00036164,25.038674054312747,0.8050923539524708,0.1949076460475292,20.352733215111577,0.3689936461813639,0.37214242670274406,47
00037170,20.65953413899088,0.8466846611764716,0.15331533882352844,17.76086730481535,0.5086355541622773,0.37214242670274406,47
00037179,18.521628687125133,0.8355414476263698,0.16445855237363016,15.69819606870573,0.48702398995500773,0.37214242670274406,47
00037181,21.89253608745444,0.749038206421706,0.25096179357829396,16.365384477275185,0.4148473098634169,0.37607975011258704,46
00037195,21.235622048342815,0.8037574272963219,0.19624257270367806,16.985426185859662,0.5955582851111658,0.36462409580411337,49
00037213,2.6075753514666093,0.7309659263833022,0.26903407361669784,1.8632258270180517,0.2523244263063029,0.37214242670274406,47
00037238,14.792537074079958,0.7670545326251219,0.2329454673748781,11.715117825929063,0.3012087188439566,0.38868380281513093,43
00037250,14.94449342272583,0.8166783435788562,0.18332165642114384,12.719430323484865,0.4623137136425749,0.38868380281513093,43
00037254,24.21333359968035,0.8788091269028557,0.12119087309714427,22.35824457567261,0.5059904178812203,0.3931743282106058,42
00037263,21.616330042569732,0.8086189690837754,0.1913810309162246,18.200436998249565,0.5045110869815121,0.38868380281513093,43
00037298,6.4655653218887155,0.7075780211543656,0.29242197884563437,4.577827533668081,0.3266932920514094,0.38868380281513093,43
00038274,15.600124766883866,0.7569168695506346,0.24308313044936536,12.381424160033271,0.3450507437877671,0.3978235535754876,41
00038306,10.367794028213925,0.8951286718455232,0.10487132815447675,9.547548468840887,0.35905767361391605,0.3801443419563331,45
00038308,12.266469791696615,0.7344951068803266,0.2655048931196734,9.088968176732319,0.4419781488778498,0.38434318374055354,44
00038315,8.733605075489328,0.7883337647485223,0.21166623525147765,7.087389256476816,0.3331129412101933,0.38434318374055354,44
00038328,14.404211475242938,0.8248912275993875,0.1751087724006125,12.208414179182729,0.4250609013772162,0.3801443419563331,45
00038343,14.007292615793085,0.818031080189573,0.18196891981042695,11.678945695131338,0.24222903160474263,0.37607975011258704,46
00038359,15.401295694129157,0.7935367965920879,0.20646320340791213,12.041584090146298,0.17074228300001104,0.3610314338507347,50
00038372,17.708154783406357,0.7982470876495691,0.2017529123504309,13.41445424334459,0.1423032194841496,0.34149612989087824,56
00038441,28.962530620638944,0.8031352721936316,0.19686472780636843,21.73268045534589,0.23505111558728187,0.3328448891207804,59
00038456,20.127315981401992,0.8069519342282374,0.1930480657717626,15.033014587646273,0.17305752875885316,0.32742917674035615,61
00038457,29.82134159715946,0.8380422851866056,0.16195771481339438,23.64937870260496,0.2234313983276457,0.3328448891207804,59
00038469,33.03985421663392,0.9450890481666384,0.05491095183336159,29.988749562130703,0.1937111004888329,0.3356553122382445,58
00038495,16.826265824054094,0.8547895320713524,0.14521046792864756,13.944962667075895,0.14577356351832704,0.34453300924355795,55
00038647,31.948753582487793,0.8859045723666088,0.1140954276333912,30.642461914901006,0.516543871469271,0.4128228965331498,38
00038665,17.10980755160748,0.9021466279207888,0.09785337207921119,16.30545523447991,0.403038594776305,0.3978235535754876,41
00038666,21.50853368731926,0.7922400424047464,0.20775995759525356,19.95336096874437,0.2802826965132288,0.4556310809489977,31
00038667,26.4412092842836,0.8759997723180566,0.12400022768194341,23.12675015717847,0.39637186658998946,0.3610314338507347,50
00038671,0.8761417271305201,0.7449159685283564,0.2550840314716436,0.8243430114860617,0.14904064629887248,0.49580784787612314,26
00038674,21.574962306995992,0.8435809916272683,0.1564190083727317,19.13994621216725,0.23773533610061992,0.3931743282106058,42
00040617,18.809527690970885,0.8468332497780497,0.15316675022195025,17.778403990155688,0.30357944046970053,0.42964789554745075,35
00040620,15.004877952199978,0.9109165332110609,0.08908346678893908,15.265453272071213,0.4318319930519644,0.43572774476350534,34
00040632,13.345769868248414,0.8698959351828252,0.13010406481717485,14.13758769103615,0.38012709577426507,0.48693163503480236,27
00040636,16.195087778681128,0.8794734508754878,0.12052654912451222,17.082196399761045,0.6494213541363462,0.47851116040357516,28
00040714,5.125738665747168,0.9734796865433784,0.026520313456621647,6.271118951913397,0.842838193484941,0.5256198837745494,23
00040715,5.43708805444495,0.9693107252533929,0.030689274746607098,6.868822015622006,0.8916535911033155,0.5487110260229284,21
00044527,28.54441766301946,1.0676071318596527,-0.06760713185965272,29.494979786890603,0.3470388784291141,0.3508574758631604,53
00044529,23.65230377286182,1.0362517054976086,-0.03625170549760859,24.38872024518022,0.38819987944019285,0.3683258864034797,48
00044531,0.30741088224173,1.012449601699358,-0.012449601699358048,0.2932047476647188,0.1231171717069075,0.3248184473571815,62
00044533,27.338392360499864,1.0209492184390592,-0.02094921843905917,27.08534873099174,0.3212738281222838,0.34765219875574666,54
00044575,0.2416872545497409,0.9870786957120491,0.012921304287950908,0.2356043172013389,0.12791235151248614,0.3575426564254667,51
00044578,38.9496216857119,1.0723462948005444,-0.07234629480054444,42.15759979999432,0.6570294327955544,0.38434318374055354,44
00044594,13.115228537478147,0.9511506283293605,0.04884937167063952,12.847766639190443,0.3560568337671066,0.38434318374055354,44
00044605,0.19193900184689974,0.9571480231827892,0.04285197681721076,0.1999736128325953,0.15286610300380654,0.42381429398696585,36
00044677,23.217259262043214,0.9887117340614178,0.011288265938582231,23.00473783907749,0.3052328616849821,0.3683258864034797,48
00044679,16.072561946053952,0.8580652803790891,0.14193471962091087,15.68191595285131,0.32088846083666467,0.4420715390402385,33
00044680,8.78194167808147,0.8938720794268694,0.10612792057313059,9.779068315545388,0.3466029945884297,0.5051818378771422,25
00044690,26.564473472659426,0.9253449357117809,0.07465506428821911,24.796231433930405,0.36869898999774753,0.3683258864034797,48
00044696,14.290791836663532,0.9443330011527332,0.05566699884726678,15.756762987957275,0.37674279651532505,0.47050912724453764,29
00044702,27.683115835231764,0.9864317360813964,0.013568263918603551,28.89985608608191,0.4230774753893739,0.4076370380871346,39
