zettaicode,1981,1982,1983,1984,1985,1986,1987,1988,1989,1990,1991,1992,1993,1994,1995,1996,1997,1998,1999,2000,2001,2002,2003,2004,2005,2006,2007,2008,2009,2010,2011,2012,2013,2014,2015,2016,2017,2018,2019,2020,2021,2022,2023
00000272,19.9,21.2,21.5,21.1,23.8,23.0,22.7,22.0,24.3,22.5,23.2,22.1,22.9,24.9,22.7,22.8,22.8,23.8,23.1,23.1,23.7,24.2,22.8,24.6,24.1,24.0,26.0,24.0,23.4,24.7,25.1,25.9,23.8,25.2,23.9,25.1,23.4,23.2,23.6,21.3,24.4,25.6,24.0
00000275,20.0,21.1,22.4,21.6,23.9,23.2,22.8,22.3,24.0,22.3,23.1,23.2,22.9,24.9,23.1,22.8,22.8,24.2,20.3,22.9,23.7,24.1,23.1,24.7,24.2,24.0,26.3,23.8,23.7,25.5,25.0,26.0,23.8,25.3,23.9,25.3,23.4,23.2,23.5,22.5,24.4,25.5,24.8
00002725,20.4,21.8,22.1,21.0,23.5,23.2,22.8,21.6,23.3,22.3,22.8,22.0,23.0,24.4,22.3,21.8,22.7,24.0,22.0,22.5,23.6,23.9,22.6,24.2,23.9,23.4,25.8,23.3,22.8,24.3,24.7,25.8,23.8,24.6,23.6,24.6,23.4,23.0,22.9,20.5,24.7,25.2,23.2
00002737,20.2,21.1,22.0,20.5,23.7,23.1,22.4,21.6,23.8,22.3,23.6,22.2,22.9,24.6,23.1,21.3,22.6,24.0,23.2,22.1,23.2,23.3,22.9,24.5,24.0,23.0,25.6,22.5,23.0,24.8,24.8,25.7,24.0,25.4,23.6,24.6,22.9,23.4,23.5,20.8,24.6,25.8,23.5
00002744,21.6,21.1,21.9,20.9,24.0,23.6,22.8,22.0,23.8,22.4,22.8,22.3,22.5,24.7,23.1,22.6,23.1,24.1,24.0,22.5,23.7,23.0,22.7,24.3,24.2,23.0,25.8,22.4,23.0,24.5,24.8,25.9,23.9,25.0,23.6,24.6,23.0,23.1,23.4,21.0,24.4,25.4,23.5
00002750,21.9,21.1,21.8,21.1,23.9,23.9,22.8,22.1,24.1,22.7,23.4,22.3,23.2,24.3,23.0,22.4,23.3,24.1,23.6,22.7,23.5,23.9,23.4,24.3,24.2,23.7,25.6,22.6,23.5,24.6,25.0,25.6,23.6,25.3,23.9,24.8,22.9,23.3,23.3,21.5,24.4,25.2,23.6
00002758,21.4,21.2,21.8,20.9,23.8,23.9,22.8,22.4,24.1,22.5,22.1,21.4,23.2,24.3,23.0,22.9,22.8,24.0,23.5,22.4,23.9,23.9,23.7,23.9,24.1,23.2,25.2,22.1,23.7,24.6,25.3,25.3,23.6,25.1,23.9,24.7,22.8,23.1,23.4,22.2,24.4,25.0,23.2
00002811,21.5,20.3,23.2,20.7,24.0,23.0,22.8,21.4,23.3,22.0,22.8,22.2,22.6,23.5,22.2,22.5,21.9,24.0,24.2,22.2,24.2,23.7,22.6,24.9,24.8,24.4,25.7,24.3,24.0,25.3,23.5,25.8,24.1,24.9,24.2,25.4,23.8,23.0,23.7,23.7,24.2,25.1,25.8
00002823,,20.4,23.0,20.6,23.9,22.3,22.4,21.3,22.9,19.7,22.0,21.9,22.9,22.0,22.5,20.9,23.0,23.9,24.2,22.6,23.7,24.1,22.5,24.7,24.6,24.1,25.4,23.8,24.8,25.2,23.8,26.0,24.0,24.3,24.0,25.2,23.8,24.1,24.0,23.3,24.2,23.3,24.8
00002848,21.4,20.5,22.2,21.4,24.3,24.0,23.2,22.0,22.9,22.2,22.5,22.0,23.0,23.8,22.7,22.1,22.9,23.8,24.0,23.0,23.6,23.9,22.9,24.3,24.1,23.9,25.4,23.6,24.0,24.6,24.6,25.3,24.3,24.8,23.8,25.1,23.8,23.5,24.1,23.8,25.2,23.1,24.8
00003064,20.0,,21.0,,24.5,24.5,22.9,22.0,23.0,22.0,24.7,22.0,24.0,24.2,23.3,,24.0,24.1,23.9,21.9,24.9,23.9,22.0,24.1,24.56,24.3,23.7,22.9,23.2,25.1,24.8,,23.9,23.8,22.7,24.9,22.5,23.4,23.3,22.5,24.7,23.6,23.5
00003078,20.5,,21.3,,23.2,23.4,22.9,21.8,24.0,23.0,23.5,21.6,24.0,24.1,22.5,,24.0,21.6,23.5,21.6,24.7,23.9,23.1,23.6,23.44,24.1,23.4,22.6,24.3,23.9,25.2,,23.2,23.9,23.2,24.8,22.6,23.5,22.7,23.1,23.1,23.5,23.3
00003079,21.2,,20.4,,22.0,23.8,22.8,22.4,23.3,24.0,23.2,22.2,24.0,24.3,22.3,,24.2,24.6,23.2,21.7,25.4,24.7,23.6,21.9,23.58,23.9,24.1,20.6,24.6,24.1,24.8,,22.4,23.8,22.5,24.1,22.3,20.8,22.7,23.3,22.5,20.5,21.5
00003086,21.8,,22.0,,21.5,24.5,23.6,22.6,23.5,22.0,24.2,24.0,24.0,24.3,23.1,,24.2,23.5,23.1,21.9,25.6,24.2,24.3,22.3,22.46,24.1,23.1,19.2,23.5,22.9,24.6,,19.8,24.3,22.2,24.1,22.8,20.0,22.7,23.3,21.7,20.2,20.5
00003089,21.8,,22.0,,22.0,23.2,22.5,22.3,22.2,23.5,23.9,22.9,23.9,24.3,22.8,,24.0,24.6,23.2,21.9,25.4,24.0,23.6,22.4,22.73,23.8,22.9,21.4,23.5,24.2,24.5,,21.7,23.9,22.2,23.9,22.1,21.5,22.7,23.7,22.5,21.5,21.5
00003695,21.2,21.4,23.9,22.1,23.8,24.0,23.4,22.8,24.1,21.8,23.9,22.6,24.4,24.8,24.2,23.0,22.0,24.9,24.1,22.3,23.8,24.0,22.9,,23.0,23.7,23.9,21.3,23.9,25.1,24.6,,22.8,25.4,23.2,23.9,22.6,21.0,23.3,,23.3,21.4,23.0
00003698,20.7,21.8,22.8,21.3,23.9,23.8,23.6,23.0,24.1,23.0,23.8,22.9,24.6,25.0,23.9,23.6,22.0,24.7,24.1,22.6,24.1,23.9,23.2,,22.2,24.0,23.8,22.7,23.4,25.6,24.7,,23.2,24.5,22.9,24.1,23.5,23.1,23.6,,24.4,22.6,23.5
00028119,21.5,21.0,23.3,21.4,24.4,23.3,23.2,22.4,23.8,22.6,22.9,22.5,22.8,24.1,22.8,21.8,23.3,24.6,24.3,23.3,23.5,24.0,22.6,24.6,24.2,24.3,25.8,23.6,24.9,25.7,24.3,,24.3,24.2,23.6,24.6,23.5,24.2,24.3,24.1,24.8,24.7,25.7
00028129,21.2,20.9,22.1,22.0,24.4,23.4,23.2,22.4,23.8,22.6,23.0,22.3,22.9,24.2,22.7,22.0,23.1,24.6,24.7,23.8,23.9,24.0,22.8,25.1,24.3,23.9,25.6,24.1,24.9,25.0,24.2,,24.4,24.2,23.4,24.7,23.1,24.3,24.8,24.2,25.2,24.2,26.2
00028132,20.2,20.6,22.8,22.3,24.1,22.6,23.4,22.2,22.8,22.6,22.9,22.7,22.8,23.8,22.6,21.9,20.0,24.8,24.0,23.7,23.8,24.2,23.0,25.6,24.3,23.7,25.9,24.3,25.0,25.5,23.9,,24.9,23.1,23.7,24.6,24.2,24.5,25.4,24.5,24.8,25.2,26.7
00028143,21.8,21.5,23.3,22.3,24.6,23.7,23.2,22.3,23.8,22.8,23.1,22.2,22.9,24.7,22.7,22.3,23.3,24.8,24.6,24.2,24.3,24.0,22.5,25.2,24.6,24.2,26.0,24.7,25.0,25.3,24.2,,24.4,23.3,23.8,24.9,24.1,24.3,25.2,24.3,24.7,24.7,26.2
00028150,21.0,21.4,23.0,22.8,24.4,23.3,23.5,22.6,24.2,23.2,22.9,22.8,22.7,24.6,23.0,22.2,23.2,24.4,24.6,24.3,23.5,23.8,23.0,25.6,24.8,24.3,26.1,24.7,25.4,25.4,24.1,,24.9,23.6,24.0,24.8,24.0,24.2,25.3,23.8,24.8,24.6,26.9
00028153,21.5,21.4,23.1,22.2,24.8,22.5,23.6,22.4,23.8,22.6,23.1,22.0,23.1,24.6,23.1,22.4,23.3,24.6,24.8,23.9,24.1,24.2,22.8,24.9,24.6,24.0,26.0,24.5,24.8,25.1,24.3,,24.4,23.9,23.6,24.9,23.4,24.2,25.4,24.3,25.5,24.1,26.9
00028168,21.1,21.6,23.2,22.9,23.9,23.7,23.5,22.5,24.1,23.1,22.3,22.7,22.9,24.7,23.0,22.2,23.1,24.6,25.0,24.3,23.7,24.3,23.1,26.1,24.9,24.4,26.2,24.8,24.9,25.4,24.4,,25.0,23.7,24.1,24.6,23.7,24.3,25.7,24.8,25.5,25.4,26.8
00028169,21.2,21.4,23.3,22.4,24.8,23.6,23.4,22.4,24.1,23.1,23.5,22.5,22.8,24.6,23.1,21.6,23.4,24.9,25.0,24.4,24.0,24.5,23.0,25.4,24.8,24.4,26.2,24.4,24.8,25.5,24.7,,24.7,24.3,24.3,24.7,24.2,24.2,25.5,24.6,24.8,24.5,26.6
00033182,21.2,20.0,23.0,21.5,22.5,21.5,23.0,22.0,22.8,22.0,21.0,21.5,22.1,24.5,22.5,21.0,20.5,23.0,22.0,23.5,22.7,23.8,22.5,24.1,24.5,24.0,24.5,23.0,24.0,23.0,23.0,,21.2,24.1,22.2,22.8,21.0,22.4,25.4,24.8,25.1,24.1,25.8
00033204,21.3,20.0,22.8,22.0,22.9,22.0,23.0,22.0,23.0,22.0,21.0,22.0,21.4,24.5,22.0,21.5,20.6,24.0,23.0,23.5,23.4,24.0,22.5,25.0,24.0,22.0,24.5,23.5,24.0,23.0,23.8,,21.5,24.4,22.9,23.0,21.4,23.5,26.0,24.8,25.5,24.0,26.4
00033224,22.0,20.5,23.0,22.0,23.0,22.5,23.5,22.0,24.5,22.5,22.3,22.0,22.0,24.5,21.5,22.0,19.5,23.5,24.5,24.0,23.5,24.5,23.5,25.8,25.4,25.0,25.0,23.0,23.8,23.0,24.0,,21.6,25.0,22.3,23.0,21.2,23.9,26.0,25.0,25.5,25.3,26.7
00033237,21.5,20.5,23.0,22.3,23.5,22.1,23.2,21.0,24.0,22.5,22.0,22.0,22.0,25.0,22.0,20.0,19.5,22.5,24.0,24.0,23.0,24.0,23.0,24.5,25.4,24.5,24.5,23.0,24.0,22.5,23.9,,21.4,24.1,22.9,23.2,21.0,22.5,25.7,25.4,25.3,24.8,26.0
00033241,21.5,20.5,22.5,21.8,23.5,22.1,24.0,22.0,24.0,23.0,22.0,22.5,22.0,24.5,23.5,20.3,19.0,22.5,24.0,23.5,23.1,24.0,22.0,25.5,25.5,25.0,22.5,22.5,23.5,23.0,22.9,,21.3,24.7,22.2,22.8,21.2,22.0,26.6,25.1,25.4,24.1,24.2
00033248,20.6,20.2,21.5,21.8,24.0,22.5,22.4,21.5,23.5,21.0,21.2,21.8,22.0,24.0,22.5,22.0,21.5,24.0,23.0,22.0,22.0,23.5,22.0,25.0,23.8,23.3,23.5,23.0,23.0,22.53,23.9,,21.1,24.1,21.7,22.3,20.9,22.3,25.4,24.5,25.7,25.2,25.3
00033276,20.6,20.5,23.0,22.0,23.5,22.0,23.0,22.0,23.5,22.7,22.5,22.5,22.0,24.0,22.8,21.5,21.0,23.0,25.0,22.5,24.0,24.5,21.5,25.3,24.5,23.5,24.5,23.5,23.8,23.0,23.1,,21.3,24.3,21.7,22.9,22.0,22.5,25.3,24.8,25.9,25.3,25.2
00033277,20.5,19.8,23.0,21.0,24.0,21.5,22.5,21.5,23.2,22.5,20.8,20.0,22.0,24.0,22.0,21.0,20.5,23.0,23.5,22.0,23.0,23.5,22.0,25.0,24.2,23.5,24.5,23.0,22.8,22.0,23.2,,22.0,23.9,21.0,22.0,21.5,22.0,25.5,24.0,25.3,24.8,25.0
00034285,21.8,20.0,22.0,21.3,23.6,22.0,22.7,21.4,22.7,21.0,22.4,21.9,21.9,24.0,22.5,21.2,19.5,23.4,23.0,22.0,22.0,24.0,22.3,24.9,24.2,23.8,23.5,22.7,21.8,23.5,23.0,,24.5,24.0,23.0,22.2,24.8,24.6,26.0,24.2,24.0,27.0,25.5
00034310,21.7,20.7,22.3,21.3,23.4,22.0,22.9,21.8,22.6,22.5,22.3,21.6,21.8,24.0,22.0,21.2,19.5,22.5,23.0,23.5,22.0,24.0,22.0,24.6,24.2,23.1,24.0,22.7,21.0,23.9,22.0,,24.2,24.5,23.0,21.8,24.0,23.2,26.0,24.5,25.0,27.0,26.5
00034312,21.2,18.8,21.8,21.1,23.3,21.0,22.3,21.3,22.0,22.0,21.7,21.7,21.6,23.5,22.3,21.0,19.5,22.0,23.0,22.0,22.0,23.8,22.0,24.9,24.0,23.6,23.0,22.8,20.8,23.8,23.0,,25.0,23.8,23.2,22.0,24.2,24.5,25.2,24.1,20.0,27.0,26.3
00034332,21.5,21.0,22.3,21.8,23.6,22.5,22.2,21.2,22.0,22.0,22.2,22.0,21.4,23.0,22.0,21.3,21.7,22.8,23.5,24.0,17.0,23.5,22.5,24.2,25.8,24.0,23.2,22.0,20.6,24.5,24.0,,25.1,25.0,23.0,19.5,23.8,24.0,25.2,25.0,25.5,27.0,25.0
00034344,21.8,21.0,22.8,21.7,23.7,21.5,23.5,21.7,22.5,22.5,22.6,22.5,21.4,23.4,22.0,21.0,22.0,22.9,23.6,23.0,16.0,23.5,22.5,24.5,25.9,23.5,23.8,22.0,21.3,24.8,24.1,,25.2,25.1,22.4,22.0,25.5,24.0,25.4,23.0,25.0,27.2,25.2
00034352,21.7,20.9,22.9,21.8,23.6,22.0,23.2,22.2,23.0,22.5,22.4,22.2,21.7,23.9,22.3,21.7,21.7,22.9,23.9,22.5,16.0,24.0,22.5,24.2,25.5,22.8,23.8,22.3,21.8,24.5,24.2,,24.8,25.0,22.2,23.0,26.2,25.0,24.5,23.0,25.0,28.2,26.0
00034363,,21.1,23.0,22.2,24.0,22.6,23.1,21.8,23.7,22.4,20.2,22.2,22.0,24.3,22.0,22.5,21.3,22.2,23.6,22.6,14.8,22.0,20.1,23.8,24.5,23.5,23.0,23.5,22.0,24.3,24.2,,24.7,25.0,20.0,20.0,23.3,23.8,25.3,22.2,24.9,25.7,25.2
00034376,,20.8,22.5,22.0,23.6,23.0,22.6,21.7,23.2,21.4,21.3,22.2,21.7,24.3,20.0,22.0,21.9,22.0,23.2,22.3,14.1,22.5,22.1,24.5,24.0,23.2,23.0,22.0,22.0,23.9,24.4,,24.2,23.0,21.0,20.0,23.3,24.8,23.1,22.8,24.4,25.4,25.7
00034382,,20.1,22.0,21.5,23.5,22.2,22.6,21.9,23.0,21.8,21.8,22.0,21.6,24.2,22.0,21.2,21.2,22.0,22.2,22.0,15.0,22.0,22.0,23.0,24.1,23.2,22.8,22.0,21.4,23.9,24.0,,26.0,23.8,20.5,20.0,24.0,23.5,23.5,22.0,25.0,26.0,26.0
00034390,21.5,20.9,22.3,21.0,23.1,22.5,22.9,21.2,22.9,22.3,21.7,20.8,22.1,24.2,22.6,21.9,21.1,22.1,23.3,22.7,14.8,22.3,22.1,24.1,24.0,23.1,23.5,23.0,21.4,23.8,23.0,,24.6,23.6,21.5,20.0,24.0,23.0,24.5,22.0,24.2,25.2,25.6
00034391,21.4,20.7,22.3,22.0,23.3,22.4,22.5,21.6,23.2,22.0,21.8,22.0,21.4,24.1,22.5,21.8,21.8,22.7,23.5,23.5,22.8,24.0,22.0,24.0,24.0,22.3,24.0,23.0,21.7,24.3,23.9,,24.1,23.8,23.0,22.5,22.8,23.1,24.7,23.7,24.9,25.0,25.0
00034396,21.5,21.0,22.7,21.0,23.7,22.8,22.9,21.4,23.0,22.3,22.0,20.5,21.8,24.8,22.7,21.4,21.8,23.2,23.5,23.4,23.5,22.8,22.7,24.5,24.6,23.3,24.0,23.3,21.8,24.5,24.0,24.0,24.3,23.7,23.0,23.5,22.9,23.0,24.0,23.7,24.3,25.5,25.3
00034399,21.6,20.8,22.2,20.6,23.3,22.7,23.0,20.6,22.1,22.3,22.0,21.8,21.2,24.0,22.5,21.8,22.0,22.7,23.5,23.1,22.9,23.8,22.8,24.0,23.8,22.7,24.0,23.0,21.7,24.7,23.7,24.5,24.2,24.0,23.5,22.0,23.0,23.5,24.1,23.5,24.8,25.1,25.1
00034411,21.6,20.5,22.4,20.9,23.3,22.7,23.0,21.7,23.0,22.3,22.5,21.6,23.1,23.8,22.7,21.5,21.7,23.1,22.9,23.0,23.5,23.7,22.8,24.2,24.1,23.0,24.2,23.1,22.0,24.1,24.1,24.2,24.3,23.9,23.9,21.9,23.0,23.5,24.1,23.7,24.1,25.0,25.4
00034423,21.3,20.6,22.0,21.0,23.0,22.6,22.9,21.0,22.8,22.3,22.3,21.9,21.0,23.8,22.4,21.5,21.9,23.1,22.9,23.0,23.2,23.3,22.7,24.0,23.2,22.1,24.1,23.0,21.6,24.6,24.0,24.3,24.2,23.9,23.8,22.8,22.9,23.3,24.1,23.5,24.1,25.1,25.1
00035412,21.0,20.6,22.7,21.7,24.4,22.0,22.8,22.0,22.8,23.9,23.0,22.2,22.4,24.8,22.7,22.6,22.5,23.0,24.0,23.0,22.8,23.0,22.5,24.0,23.2,23.9,23.9,23.6,23.2,24.14,23.82,,22.9,22.1,22.7,23.5,21.5,23.7,23.3,21.9,24.4,,23.8
00035426,21.0,20.6,22.6,21.4,24.0,21.5,22.4,22.0,22.7,23.4,22.8,21.9,21.6,24.3,22.3,22.2,22.0,22.5,24.0,22.8,22.6,24.0,22.5,23.5,24.0,23.6,23.7,23.4,23.1,23.94,23.56,,22.5,21.9,22.4,23.4,20.6,23.5,22.9,22.3,24.7,,23.7
00035433,21.0,20.6,21.9,21.5,24.4,22.0,22.8,22.0,22.5,23.2,22.8,22.0,21.8,24.0,22.3,22.4,22.0,23.0,24.0,23.1,22.6,22.2,22.5,23.5,24.0,23.7,23.9,23.4,23.2,24.0,23.57,,22.6,21.8,22.6,23.6,21.0,23.7,23.2,22.5,24.6,,23.6
00035459,21.8,20.9,22.2,21.9,24.5,22.5,21.4,20.8,23.0,23.2,22.8,22.4,22.0,24.8,22.3,23.0,22.5,23.0,24.6,23.0,22.8,22.2,21.5,24.0,23.5,24.0,23.8,23.5,23.2,24.08,23.66,,22.7,22.5,22.6,23.6,21.7,23.6,23.3,22.5,24.0,,23.6
00035473,21.3,20.6,22.2,21.5,24.0,22.0,22.2,21.0,22.5,23.5,22.2,22.2,22.0,24.4,22.0,23.0,22.0,22.7,24.0,22.9,22.8,24.0,22.0,23.0,23.5,24.0,23.6,23.4,23.0,23.94,23.49,,22.6,22.3,22.4,23.4,21.6,23.5,23.0,22.1,24.2,,23.5
00035484,21.5,20.4,22.2,21.8,24.0,22.0,22.3,21.2,23.0,23.7,22.2,21.8,22.0,23.8,22.3,22.4,22.0,23.0,23.5,22.9,22.8,23.0,22.5,23.0,24.0,23.9,23.8,23.5,23.1,23.75,23.47,,22.5,22.3,22.5,23.4,21.8,23.4,23.0,22.3,24.1,,23.6
00035486,21.7,20.6,22.0,21.2,23.5,22.0,22.0,21.0,22.8,23.5,22.5,21.8,22.0,24.0,22.2,22.6,22.0,22.8,24.0,22.8,22.7,23.0,22.0,24.0,23.8,24.0,23.7,23.2,23.0,23.77,23.27,,22.5,22.3,22.5,23.4,21.7,23.2,23.0,22.1,24.2,,23.4
00035487,,20.3,21.0,21.0,23.0,22.0,22.0,21.2,22.8,23.5,22.0,21.7,21.2,23.8,22.0,23.0,21.8,22.9,23.2,23.0,22.8,23.0,22.1,23.5,23.0,23.9,23.6,23.2,22.9,23.72,23.12,,22.5,22.4,22.5,23.3,21.6,22.9,23.1,22.2,23.6,,23.4
00035498,21.0,20.5,22.5,21.5,23.0,21.0,22.1,21.0,22.3,23.2,22.0,22.0,21.0,23.8,22.2,22.1,22.0,22.8,24.0,22.6,22.5,22.5,22.5,23.5,24.1,23.7,23.8,23.4,22.8,23.5,23.38,,22.4,22.3,22.3,23.3,21.7,23.2,22.9,22.1,24.0,,23.6
00035509,21.5,20.1,22.0,21.2,23.0,22.0,22.2,21.0,22.0,23.1,22.0,22.0,21.1,23.7,21.8,22.5,22.3,23.0,23.2,23.0,22.8,23.0,22.3,23.5,23.0,23.8,23.8,23.4,23.0,23.67,23.09,,22.4,22.4,22.4,23.4,21.5,22.8,23.0,22.3,23.8,,23.4
00035512,21.5,20.8,22.1,21.5,23.5,21.5,22.1,21.0,22.5,23.1,22.5,22.0,21.2,24.0,21.8,22.0,22.0,22.4,24.0,22.8,22.8,22.5,22.5,23.5,23.2,23.6,23.8,23.5,23.0,23.57,23.47,,22.5,22.3,22.4,23.5,21.7,23.3,23.1,22.3,23.9,,23.5
00035521,21.0,20.0,22.1,21.4,23.2,21.8,22.2,21.2,22.6,21.6,22.0,22.0,21.8,23.7,22.5,20.5,21.0,22.4,22.9,22.5,22.1,23.0,22.5,24.0,24.4,23.8,23.6,23.1,22.7,23.33,22.98,,22.1,21.7,21.6,23.1,21.6,23.3,22.8,22.1,24.2,,23.2
00035522,21.5,20.7,22.4,21.8,24.0,22.3,22.4,21.0,24.0,22.2,23.0,23.0,21.4,23.8,22.5,22.5,22.0,22.6,23.9,22.9,22.8,22.0,22.5,23.5,23.0,23.5,23.9,23.5,23.1,23.56,23.46,,22.6,22.3,22.4,23.4,21.7,23.2,22.9,22.5,23.8,,23.5
00035542,21.5,20.9,21.5,22.1,23.6,22.6,22.4,20.4,23.4,23.0,23.0,22.4,21.4,23.9,22.5,22.5,21.2,22.9,23.5,23.0,22.1,25.1,22.3,23.5,23.9,23.2,24.3,23.6,23.0,23.69,23.57,,23.6,22.3,23.1,23.9,22.5,22.8,24.0,24.0,24.1,,24.0
00035550,21.0,19.8,22.0,21.8,22.6,21.4,23.0,21.0,21.2,20.0,21.8,21.2,19.8,23.3,21.8,20.9,20.5,23.0,22.7,22.6,21.5,24.8,22.5,23.7,23.9,23.0,24.0,23.3,22.2,23.44,23.26,,24.0,21.9,22.7,23.8,22.8,22.5,24.1,24.0,24.2,,23.9
00035562,21.5,20.4,22.1,20.9,21.4,21.4,23.0,20.2,18.0,21.4,21.5,21.2,19.4,23.6,22.0,21.8,21.2,22.9,23.3,22.7,21.8,24.8,22.4,23.5,24.0,23.1,24.2,23.6,22.8,23.55,23.52,,23.8,22.0,23.0,24.0,22.6,22.5,24.0,24.0,24.0,,24.0
00035565,21.5,20.9,22.4,22.1,23.2,22.2,22.6,20.6,23.6,22.0,22.6,22.2,21.5,23.7,22.2,21.6,20.4,22.9,23.6,23.0,22.2,25.0,22.4,23.4,24.2,23.2,24.4,23.6,22.7,23.77,23.49,,23.8,22.0,23.1,24.0,22.4,22.7,24.1,24.1,23.9,,23.9
00035582,21.0,20.1,21.5,20.5,22.8,21.6,22.6,20.8,22.6,21.6,22.1,21.8,20.4,23.5,22.2,21.5,20.8,22.6,23.6,22.8,21.8,24.4,22.4,23.6,24.1,23.1,24.3,23.8,22.8,23.61,23.42,,24.0,22.1,23.1,23.8,22.4,22.7,24.2,23.9,24.6,,23.8
00035588,21.0,19.0,22.1,21.4,22.4,20.8,22.8,21.0,22.0,21.2,21.4,21.3,20.5,22.8,21.5,20.7,19.6,22.5,22.8,22.5,21.6,24.0,22.1,23.1,24.0,22.7,23.9,23.4,22.3,23.13,23.01,,24.2,21.5,22.5,24.0,22.3,22.1,24.0,23.9,25.0,,23.1
00035598,19.7,18.4,22.5,21.8,23.1,21.8,22.6,21.6,22.8,22.0,22.2,21.8,21.0,23.4,22.2,21.4,20.7,22.7,23.2,22.9,22.0,24.5,22.3,23.4,24.0,23.1,24.3,23.7,22.7,23.67,23.17,,24.2,22.0,23.0,23.6,22.1,22.9,24.3,23.9,24.6,,23.9
00035613,19.8,18.5,21.5,20.3,22.7,21.0,22.5,21.0,22.8,21.6,21.7,21.1,21.6,23.1,21.5,20.8,19.9,22.5,22.8,22.5,20.9,23.9,21.9,23.1,24.0,22.7,23.2,23.6,22.4,23.17,22.98,,24.4,21.8,22.7,23.9,22.4,22.3,24.1,23.9,25.2,,23.6
00035626,19.2,19.6,21.0,20.5,23.7,20.6,22.5,20.5,21.8,20.2,21.3,20.5,21.0,23.0,21.5,20.1,18.7,21.7,22.6,22.1,20.8,23.8,21.9,22.5,24.4,22.5,23.3,23.0,22.2,23.16,22.73,,24.5,21.2,22.4,23.1,22.2,21.9,24.0,23.9,25.5,,23.5
00035707,20.7,19.0,22.0,22.0,23.0,21.5,22.8,21.8,21.8,22.3,20.0,21.0,22.8,23.0,21.9,21.6,19.9,22.3,23.5,22.2,21.5,23.6,22.5,22.7,23.7,22.0,23.7,23.0,22.4,23.74,22.8,,24.4,21.3,22.5,23.0,23.2,21.8,23.6,23.6,24.9,,24.2
00036103,21.0,21.4,22.9,21.5,24.2,23.6,23.4,22.5,23.9,22.6,23.4,22.4,23.0,25.0,23.3,22.6,22.0,23.5,24.4,22.9,23.0,23.6,22.0,,22.4,22.5,23.7,23.1,21.6,24.8,23.9,,22.7,23.6,22.9,22.9,23.8,22.7,22.2,,24.8,22.6,23.8
00036110,20.6,20.8,22.5,21.3,24.5,23.4,23.4,23.4,23.9,22.5,23.6,22.5,22.9,24.8,23.0,22.2,21.0,23.6,23.9,23.0,22.8,23.6,,,21.5,23.2,22.2,22.0,22.4,24.5,23.1,,22.3,23.6,22.0,22.7,23.3,22.8,22.1,,24.6,21.9,23.2
00036147,20.9,21.2,23.1,21.8,24.4,23.5,23.4,22.7,24.1,22.7,23.5,22.3,23.0,25.2,23.2,22.5,22.0,23.6,24.7,23.0,22.9,23.7,,,22.2,22.8,23.7,23.1,22.8,24.8,24.0,,22.9,23.4,22.7,23.4,23.9,22.7,22.1,,24.8,22.7,24.1
00036164,20.7,21.0,23.1,21.9,24.5,23.0,23.3,22.6,24.1,23.0,23.7,22.0,22.9,25.3,23.1,22.5,21.4,23.9,24.7,23.5,23.0,23.8,,,22.2,,23.6,23.3,23.0,24.6,24.0,,22.5,23.4,22.9,23.4,23.9,23.4,22.4,,24.7,23.2,24.3
00037170,21.4,21.5,23.1,22.4,23.5,23.4,23.3,22.6,23.7,23.4,23.1,22.3,22.8,25.5,23.5,21.0,21.8,24.3,23.9,24.0,23.0,24.3,23.3,24.4,24.4,24.0,25.0,24.4,23.6,24.7,24.1,,24.3,24.5,23.2,24.8,24.4,23.5,24.0,23.4,24.8,24.1,27.0
00037179,21.7,21.2,23.4,21.7,23.3,23.4,23.2,22.3,23.8,23.6,22.9,22.4,22.8,25.6,23.4,21.0,22.2,24.0,23.9,23.5,23.2,24.5,23.4,24.8,24.5,23.7,25.2,24.4,23.5,24.8,24.2,,24.4,24.6,23.4,24.9,24.8,23.6,24.0,23.9,24.9,24.4,26.8
00037181,21.3,21.1,22.9,22.1,23.1,23.1,23.4,22.0,23.2,23.7,22.7,22.5,22.6,25.1,23.2,20.5,20.6,23.8,23.7,24.0,22.3,24.1,23.1,24.7,24.2,23.3,24.3,23.9,23.2,24.5,24.9,,24.5,24.6,23.3,24.4,24.8,23.2,23.6,23.9,24.9,23.5,27.1
00037195,21.5,20.8,23.2,22.6,23.3,23.4,23.2,22.5,23.4,23.8,23.3,22.5,22.8,24.8,23.1,21.0,21.1,23.8,23.9,23.9,23.9,24.3,23.3,25.0,24.6,23.4,24.1,24.4,23.3,24.7,24.0,,24.4,24.5,23.4,24.9,24.7,23.4,22.4,24.0,25.0,24.3,27.3
00037213,21.2,19.6,23.2,22.2,23.1,23.0,23.4,22.6,23.5,23.6,23.0,22.5,22.6,25.0,23.4,20.5,21.3,23.2,23.9,23.6,23.4,24.3,23.1,25.4,25.0,23.8,25.0,24.5,23.8,24.8,23.9,,24.3,24.6,23.8,25.0,24.8,23.7,24.4,24.2,25.1,24.1,27.5
00037238,21.3,20.7,22.5,22.7,24.3,22.5,23.5,22.0,22.1,22.8,23.0,,21.0,24.5,19.5,20.9,20.1,23.2,,23.5,23.2,23.6,22.4,25.2,25.0,23.8,24.3,23.1,23.8,24.9,23.4,,22.5,23.9,23.6,24.7,24.6,23.7,23.3,24.2,25.8,23.6,27.5
00037250,21.5,20.9,22.7,21.9,24.0,22.0,23.0,22.0,22.9,22.5,22.5,22.6,21.3,24.5,22.8,21.5,20.3,23.1,,23.6,23.1,23.9,22.4,25.6,24.3,23.4,24.3,23.5,24.1,24.6,23.9,,23.4,24.2,23.9,25.1,24.5,23.9,23.7,24.0,25.9,23.7,27.4
00037254,21.5,20.1,22.5,22.4,23.9,22.2,24.0,22.0,22.8,22.9,23.0,22.5,21.8,25.1,23.2,21.8,20.1,23.1,26.2,23.6,23.4,23.9,23.1,24.8,24.4,23.2,24.4,23.5,23.8,25.0,23.9,,23.4,24.7,23.6,25.1,24.4,24.6,23.4,24.3,26.2,23.9,27.5
00037263,21.5,20.6,22.5,22.4,24.1,22.8,23.5,22.0,23.2,22.5,23.0,22.4,21.4,24.7,23.1,22.0,21.2,23.8,27.4,23.6,23.3,24.0,22.6,25.2,24.8,23.6,24.6,23.5,23.8,24.6,24.1,,23.6,24.6,24.1,25.0,24.5,24.5,23.9,24.0,25.9,24.1,22.5
00037298,21.5,21.0,22.2,22.6,24.1,22.7,23.0,22.0,22.9,22.2,23.0,22.2,21.4,24.5,23.1,21.8,21.3,23.2,26.2,23.3,23.0,23.6,22.6,24.7,24.3,23.6,24.1,23.4,23.6,24.7,23.6,,23.1,24.2,23.5,24.8,24.5,24.0,23.9,23.9,25.9,23.7,27.0
00038274,21.7,20.8,22.0,22.8,23.0,21.0,22.9,22.0,24.0,22.0,21.2,21.3,22.0,26.0,28.6,21.8,18.8,22.6,24.8,23.5,23.4,22.0,23.0,25.0,21.0,23.0,23.0,24.0,23.2,24.0,22.5,,23.0,22.5,21.5,23.0,24.0,24.8,25.5,25.4,25.2,22.0,23.2
00038306,21.1,21.5,22.4,21.0,23.5,22.7,22.6,21.5,23.7,22.2,22.5,21.2,21.5,24.8,24.1,21.9,20.0,24.0,23.9,22.8,21.6,24.3,22.0,25.1,20.8,24.0,25.0,22.0,22.8,24.6,23.2,,23.0,22.0,22.6,24.2,22.0,24.5,24.0,24.4,25.7,23.0,24.5
00038308,21.5,21.5,22.8,20.5,23.2,22.0,23.0,21.8,23.6,22.3,22.0,21.3,21.7,24.7,24.1,22.0,21.2,20.3,23.8,23.0,21.5,24.5,22.0,26.0,22.0,24.0,23.0,22.7,22.9,25.5,23.8,,23.0,22.2,23.0,25.0,22.1,25.0,25.0,24.4,25.7,23.3,25.0
00038315,22.0,21.4,22.6,22.3,24.0,23.0,23.1,23.0,23.6,22.6,22.5,22.2,22.1,25.2,24.5,21.3,21.0,22.4,23.8,23.3,23.0,24.1,22.8,24.0,22.8,24.0,24.0,23.5,23.2,24.2,23.3,,23.0,22.4,22.0,24.0,24.0,21.7,25.9,25.2,26.0,24.0,25.5
00038328,21.5,21.3,22.6,19.5,23.0,22.0,23.3,22.0,23.1,22.1,22.1,21.5,22.0,25.0,24.3,21.8,21.0,22.5,23.6,22.4,21.3,24.9,22.0,25.6,22.7,23.0,23.0,22.0,22.5,24.5,23.5,,21.2,22.6,22.1,24.0,21.5,24.5,26.0,24.2,25.4,23.2,24.5
00038343,21.8,21.4,22.7,22.1,23.7,22.9,23.1,21.9,24.1,22.9,22.7,22.8,22.1,24.6,24.0,22.5,21.5,22.0,23.6,23.3,23.0,24.0,21.8,23.8,22.0,24.0,23.0,24.0,22.8,24.5,23.8,,22.9,22.8,21.5,24.1,23.5,24.1,25.0,25.0,25.2,24.0,25.0
00038359,,21.7,22.6,22.0,23.8,22.8,23.0,21.5,24.0,22.0,22.8,21.5,22.0,24.0,23.5,22.2,21.9,23.0,24.0,23.0,23.0,22.8,23.2,25.0,22.1,23.0,24.0,24.0,23.0,23.8,23.8,,23.0,22.5,23.0,24.0,22.5,23.8,25.8,24.5,24.3,24.5,25.0
00038372,,21.6,22.0,21.5,23.6,22.7,22.8,22.0,23.6,22.1,22.2,22.0,22.0,24.5,23.3,21.5,21.7,23.0,23.0,23.0,23.0,22.8,22.5,24.6,22.2,23.0,24.0,24.5,23.0,23.8,24.0,,23.0,22.5,23.0,23.5,22.5,24.0,24.5,24.5,24.0,24.2,25.0
00038441,22.1,21.0,22.2,21.5,23.9,22.7,22.8,21.5,23.3,22.4,22.0,23.0,22.0,24.7,23.8,21.7,21.0,23.0,23.2,22.5,22.2,24.0,22.1,24.5,22.0,23.0,23.0,24.3,22.3,23.6,23.6,,23.0,22.1,22.8,23.1,22.2,23.0,23.9,23.5,24.6,24.0,24.0
00038456,22.1,21.0,22.0,21.5,23.7,22.4,22.5,21.5,23.0,22.1,22.0,22.5,22.0,24.7,23.5,21.6,21.5,22.0,22.5,22.1,23.0,23.5,22.3,24.2,22.0,22.0,24.0,24.4,22.0,23.5,23.2,,23.0,22.0,23.0,22.8,22.1,22.5,23.3,23.2,24.2,24.0,24.0
00038457,22.0,21.2,22.5,21.0,23.0,22.3,22.2,21.3,23.5,22.2,22.2,22.5,22.0,24.8,23.0,22.0,22.0,22.5,23.8,23.1,23.3,23.0,21.7,22.0,21.5,23.0,23.0,24.0,18.9,22.0,21.8,,22.4,22.0,22.8,23.7,22.7,23.8,23.3,22.6,23.0,21.7,22.4
00038469,22.2,21.0,23.8,21.0,23.0,22.5,22.1,21.2,23.2,21.9,22.0,21.2,21.8,24.5,23.3,22.2,22.0,23.0,23.2,23.0,23.5,22.8,21.5,22.0,21.5,22.0,23.0,23.9,22.1,21.5,22.1,,21.9,22.4,22.6,23.6,22.5,23.6,23.0,22.5,22.1,22.2,23.0
00038495,21.9,20.6,22.4,21.0,22.5,24.0,22.0,22.0,23.7,21.7,21.5,21.0,21.5,24.0,23.0,22.5,21.8,21.7,22.8,22.0,22.8,22.9,21.6,23.1,22.0,23.0,23.0,23.0,21.7,23.2,22.8,,22.4,22.1,22.0,22.8,22.1,23.3,23.8,22.5,24.4,23.5,24.0
00038647,21.7,20.8,21.4,20.0,22.7,23.2,22.5,21.8,23.2,21.3,20.2,20.7,21.3,23.1,22.8,22.2,20.3,22.0,21.7,22.0,23.7,22.1,21.8,23.0,21.2,23.0,23.0,22.6,22.8,23.2,21.0,,20.9,21.2,21.0,22.8,21.5,22.1,22.5,22.1,24.0,22.5,22.2
00038665,22.0,21.2,21.6,20.0,22.4,22.9,22.5,22.0,23.3,21.1,20.5,21.1,21.8,23.3,23.2,22.2,19.2,23.0,21.6,22.0,23.8,22.2,22.6,23.0,21.2,23.0,23.0,22.1,22.5,23.0,22.7,,21.2,20.8,21.0,22.9,21.0,21.9,22.1,22.2,23.7,23.0,21.9
00038666,22.7,21.2,22.4,20.2,22.4,23.0,22.6,22.2,23.2,21.1,20.4,21.6,23.0,23.5,23.0,22.5,19.6,22.0,21.8,22.1,24.0,22.3,23.3,23.0,21.0,23.0,24.0,22.0,22.7,23.0,22.0,,21.7,23.0,21.2,22.9,21.5,21.6,24.3,23.0,23.8,23.0,22.1
00038667,22.1,20.9,21.9,19.8,22.0,23.2,22.3,21.9,23.3,21.2,20.6,20.7,21.2,22.8,23.2,22.4,20.4,22.0,22.0,22.5,23.9,22.9,22.0,23.0,21.0,23.0,23.0,22.1,22.8,23.2,22.3,,20.9,21.2,20.9,22.8,21.0,21.5,22.8,21.9,23.7,23.0,22.0
00038671,22.0,21.2,21.9,23.3,25.2,23.5,23.1,24.3,23.2,20.3,20.6,22.8,24.7,23.3,23.0,22.9,19.3,22.5,21.6,24.2,24.5,22.6,23.7,23.8,21.5,23.0,23.0,21.5,22.4,23.5,22.0,,21.9,22.3,21.8,22.8,21.5,21.1,23.8,23.9,24.6,22.9,22.5
00038674,21.8,21.1,22.2,20.0,22.6,23.2,22.6,22.1,23.1,21.2,20.6,21.1,21.7,23.2,23.2,22.9,20.1,22.5,22.6,22.0,24.0,22.8,22.3,23.0,21.0,23.0,23.0,22.3,22.7,23.2,21.6,,21.2,22.0,20.9,22.7,22.0,22.1,23.5,22.2,24.0,23.2,22.2
00040617,20.7,19.4,21.8,19.9,22.8,20.9,22.1,20.6,21.9,21.2,20.8,21.1,21.1,22.4,21.4,20.4,18.8,22.6,22.5,22.1,22.5,22.4,22.4,22.7,21.9,22.5,24.1,23.0,24.3,24.5,23.41,,24.74,20.9,23.2,23.5,19.1,19.9,22.2,20.2,25.6,20.1,22.8
00040620,21.1,19.5,22.1,21.0,22.9,21.2,22.4,21.3,22.5,21.6,22.0,21.6,21.2,23.0,21.7,21.2,20.0,22.7,23.0,22.8,22.5,23.1,22.6,23.3,22.9,22.9,24.3,23.0,24.1,24.2,23.0,,24.63,21.8,22.8,24.1,19.7,20.3,22.0,20.5,25.3,20.4,23.0
00040632,20.4,19.8,22.0,20.4,23.0,21.9,22.3,21.4,22.5,21.2,21.3,21.4,21.2,22.7,21.9,21.1,20.0,22.4,23.2,22.1,22.1,23.2,22.5,23.0,22.1,22.6,23.3,23.0,24.0,23.7,23.38,,24.85,21.2,22.9,23.5,19.5,20.2,21.2,20.0,25.5,19.3,22.8
00040636,20.8,18.5,21.6,20.2,23.0,20.9,22.1,20.7,22.1,20.8,21.3,20.9,21.1,22.7,21.5,20.0,18.8,21.9,22.3,21.9,22.0,22.8,22.2,22.9,22.6,22.5,23.9,23.0,24.0,23.6,23.01,,24.47,21.2,22.6,23.1,19.2,19.9,20.2,19.9,25.5,19.0,22.5
00040714,20.0,18.5,21.4,21.5,20.9,22.0,20.0,21.0,22.0,18.0,21.5,21.0,23.0,20.0,22.0,20.5,20.0,21.5,24.0,22.0,22.2,23.0,20.6,23.1,22.8,22.5,24.0,23.0,24.2,23.8,23.03,,24.76,20.8,22.5,22.0,22.5,21.9,20.4,21.5,25.2,22.1,22.3
00040715,19.9,19.0,21.3,21.2,20.9,22.0,20.0,21.0,22.0,18.4,21.0,20.0,22.5,21.0,22.0,20.0,20.0,22.0,23.5,22.0,21.9,23.0,22.3,23.3,22.9,22.3,24.0,23.0,24.2,23.84,23.13,,24.46,20.6,22.6,22.0,22.1,21.3,20.6,20.7,25.2,22.0,22.7
00044527,21.0,20.2,21.4,20.8,22.3,22.0,22.3,21.7,23.9,21.9,22.2,22.0,22.3,24.0,23.1,22.0,,22.6,23.3,22.3,23.1,22.9,22.1,22.0,22.7,24.6,22.8,23.0,23.0,22.8,22.2,,22.2,22.3,22.3,22.8,20.8,22.8,23.0,22.3,23.8,22.6,22.7
00044529,20.8,20.4,22.4,21.4,22.4,22.6,22.2,21.4,23.5,21.8,22.1,22.0,22.3,24.0,22.8,21.9,,23.0,23.3,22.0,22.8,22.7,21.4,22.9,22.4,25.0,22.8,23.4,22.6,22.8,22.6,,21.7,22.3,22.5,22.8,21.6,22.6,23.1,22.4,23.9,22.5,22.7
00044531,21.0,20.6,22.2,21.6,,21.8,22.8,21.6,23.6,22.3,22.4,25.7,22.5,25.0,,22.0,,22.7,23.3,22.5,22.8,23.2,22.2,22.1,23.1,24.7,22.8,23.4,22.7,23.0,22.6,,20.5,22.2,22.7,23.1,20.8,23.0,23.2,22.3,24.2,22.9,22.9
00044533,19.6,20.1,22.3,21.6,23.0,21.4,22.6,21.6,23.3,22.3,22.1,22.3,22.6,24.3,23.0,21.3,,22.6,23.1,22.5,22.2,22.8,21.9,22.6,23.1,24.7,22.6,23.4,22.3,22.8,22.6,,21.3,22.3,22.4,23.4,20.3,22.8,23.1,22.4,24.2,22.3,22.5
00044575,20.0,19.9,22.2,21.8,22.8,21.2,23.0,21.9,23.6,22.2,21.9,24.8,22.5,24.5,22.7,20.7,,22.5,23.4,22.5,22.3,22.5,21.9,22.5,23.4,24.4,22.6,23.3,22.3,22.7,22.3,,21.5,21.9,21.8,23.2,21.1,22.7,23.2,22.3,24.0,22.3,22.5
00044578,20.8,21.3,21.5,21.0,22.9,23.0,22.4,21.5,23.9,22.3,23.1,21.8,22.6,24.6,22.7,22.3,,23.2,23.4,22.9,22.7,22.1,22.3,23.1,22.0,24.0,23.0,23.6,22.9,23.4,22.6,,22.5,22.3,22.8,22.9,20.9,22.7,23.1,22.6,23.7,23.2,23.0
00044594,18.2,19.4,21.8,21.4,22.7,20.5,22.7,20.9,23.2,21.7,21.3,24.3,22.4,23.8,22.1,20.7,,22.2,22.8,21.8,21.4,21.7,21.4,21.6,22.8,23.9,21.6,23.0,21.1,21.8,21.8,,20.5,21.6,21.2,23.3,18.8,21.5,22.6,22.1,23.9,20.6,20.8
00044605,19.1,19.8,21.7,21.0,,20.7,22.5,21.9,22.5,22.2,21.7,24.3,22.6,24.3,22.4,,,21.9,24.1,22.0,21.7,21.7,22.0,22.5,22.9,24.1,22.4,22.8,21.7,22.2,21.6,,20.2,21.5,22.1,23.2,20.2,21.8,22.8,22.4,23.9,21.2,22.1
00044677,21.7,21.1,21.2,20.1,21.7,22.8,22.4,22.1,23.6,21.6,21.3,21.6,21.8,23.5,23.0,23.1,19.9,23.0,22.7,22.3,23.5,23.3,22.2,22.6,21.8,22.6,23.0,22.3,23.0,22.4,22.3,,21.5,22.4,21.8,22.4,21.6,21.2,22.5,23.0,23.3,22.6,22.3
00044679,21.6,21.2,21.5,20.0,21.7,22.7,22.4,21.9,23.4,21.7,21.2,21.8,21.6,23.7,23.0,23.6,20.3,22.1,22.6,22.0,23.1,22.9,22.3,23.2,21.6,22.6,22.8,21.6,22.4,22.4,21.9,,21.8,23.1,21.5,22.2,21.4,21.1,22.3,22.6,23.2,22.3,21.9
00044680,21.7,20.9,21.4,20.9,21.1,22.6,22.3,21.7,22.8,21.0,21.6,23.1,21.5,23.2,23.4,23.5,20.3,22.6,22.6,22.2,23.0,23.3,22.4,22.5,20.8,22.6,22.5,21.9,21.8,22.7,21.8,,21.9,22.4,21.3,22.2,21.3,20.9,22.3,22.9,23.2,21.9,
00044690,22.0,21.0,21.6,20.4,22.2,22.8,22.4,21.8,23.5,21.5,21.5,21.7,21.6,23.4,22.9,23.0,20.2,23.0,22.8,22.5,23.2,23.4,22.1,22.4,22.0,22.7,22.8,22.5,23.1,22.7,21.6,,21.5,22.2,21.8,22.2,22.0,21.5,22.6,22.4,23.6,22.6,22.3
00044696,21.6,20.5,21.4,19.9,21.7,22.6,22.2,21.3,23.3,21.3,21.2,21.5,20.8,23.3,22.9,,19.8,22.7,22.5,22.1,23.1,22.9,22.1,22.7,,22.4,22.4,22.0,22.5,22.7,21.9,,21.6,22.0,21.5,22.6,21.7,21.6,22.3,22.2,23.6,22.2,
00044702,21.7,20.3,22.0,20.1,22.4,22.5,22.3,21.2,23.4,21.3,20.9,20.5,21.6,22.9,22.9,22.7,19.9,23.0,22.1,22.3,23.2,23.2,21.9,22.6,22.0,22.4,22.0,22.1,22.3,22.7,22.3,,20.9,21.6,21.4,22.2,22.2,21.8,22.5,22.3,23.7,22.2,
